¿ù,ÀÏ, 1h , 2h , 3h , 4h , 5h , 6h , 7h , 8h , 9h , 10h , 11h , 12h , 13h , 14h , 15h , 16h , 17h , 18h , 19h , 20h , 21h , 22h , 23h , 24h 
1,1,0,0,0,0,0,0,0,0,20.16,106.8,469.56,504.24,745.2,549.48,400.44,291,68.4,0.84,0,0,0,0,0,0
1,2,0,0,0,0,0,0,0,1.2,63.36,288.72,462.48,783.48,948.84,518.88,282.48,193.68,68.28,7.32,0,0,0,0,0,0
1,3,0,0,0,0,0,0,0,0.36,43.56,289.92,726.96,1149.84,1104.6,1088.52,511.92,231,85.44,9.24,0,0,0,0,0,0
1,4,0,0,0,0,0,0,0,0.72,45.96,332.16,859.56,1191.24,1357.08,1251.96,602.04,513.12,66.6,9.72,0,0,0,0,0,0
1,5,0,0,0,0,0,0,0,0.36,41.64,341.04,740.52,1158.6,721.44,889.44,657.72,333.84,97.44,9.12,0,0,0,0,0,0
1,6,0,0,0,0,0,0,0,0.72,76.2,267.84,426.84,866.88,956.88,1030.44,721.44,429.96,105.36,11.64,0,0,0,0,0,0
1,7,0,0,0,0,0,0,0,2.04,59.76,352.08,355.68,931.68,1279.8,1051.32,811.92,430.44,85.32,10.68,0,0,0,0,0,0
1,8,0,0,0,0,0,0,0,0.96,61.8,318.24,648.72,981.36,1082.88,1074.72,730.32,384.48,104.88,12.6,0,0,0,0,0,0
1,9,0,0,0,0,0,0,0,0,28.08,275.28,433.8,657.36,1175.4,903.24,572.76,243.6,94.32,8.76,0,0,0,0,0,0
1,10,0,0,0,0,0,0,0,1.08,63.36,406.2,794.04,1221,1325.28,1311.36,1017.36,591.36,113.16,8.88,0,0,0,0,0,0
1,11,0,0,0,0,0,0,0,0.36,38.64,395.52,812.16,1197.48,1258.68,1206.72,891.72,315.96,116.76,12.96,0,0,0,0,0,0
1,12,0,0,0,0,0,0,0,0.24,64.92,305.76,519.24,838.08,692.04,608.88,499.92,330.12,113.4,11.64,0,0,0,0,0,0
1,13,0,0,0,0,0,0,0,0,25.32,73.68,133.8,207.96,155.28,109.08,88.8,119.16,27.84,0.6,0,0,0,0,0,0
1,14,0,0,0,0,0,0,0,0.6,66.72,347.64,685.92,932.16,1015.8,966.96,613.32,258.84,62.88,1.8,0,0,0,0,0,0
1,15,0,0,0,0,0,0,0,2.28,90.96,323.16,572.76,1040.16,1120.2,1018.2,706.68,346.8,169.92,21.6,0,0,0,0,0,0
1,16,0,0,0,0,0,0,0,0,7.44,104.64,151.8,191.04,201.12,107.04,218.16,57.84,69.24,3,0,0,0,0,0,0
1,17,0,0,0,0,0,0,0,0,12.24,121.92,390.6,545.88,619.32,666.96,823.8,309.24,111.6,6.48,0,0,0,0,0,0
1,18,0,0,0,0,0,0,0,0.96,59.04,472.2,927.48,1207.2,1202.64,706.2,675.6,568.44,89.16,20.16,0,0,0,0,0,0
1,19,0,0,0,0,0,0,0,0,19.8,75.6,165.6,252.12,501.36,781.32,394.2,395.28,128.4,12.6,0,0,0,0,0,0
1,20,0,0,0,0,0,0,0,0.12,43.56,353.4,470.88,796.08,1065.12,985.2,378.24,163.8,43.08,1.2,0,0,0,0,0,0
1,21,0,0,0,0,0,0,0,0,2.88,11.64,55.08,36.96,61.44,51.72,36.24,10.8,0.84,0,0,0,0,0,0,0
1,22,0,0,0,0,0,0,0,0,0.72,16.68,35.16,48.72,151.56,297,98.4,74.04,21.24,0,0,0,0,0,0,0
1,23,0,0,0,0,0,0,0,0,9.48,25.56,51.96,50.16,86.52,65.28,79.56,121.56,55.2,5.4,0,0,0,0,0,0
1,24,0,0,0,0,0,0,0,0,3.72,43.2,101.4,113.88,43.44,116.76,162.12,90,29.52,4.92,0,0,0,0,0,0
1,25,0,0,0,0,0,0,0,1.68,86.28,348.6,716.88,601.2,856.8,803.52,967.56,772.2,239.52,19.68,0,0,0,0,0,0
1,26,0,0,0,0,0,0,0,0,26.76,313.08,798.6,833.04,886.92,761.64,712.8,431.76,349.32,23.04,0,0,0,0,0,0
1,27,0,0,0,0,0,0,0,0,89.4,431.76,789.36,803.76,506.4,640.44,714,535.08,124.2,20.28,0,0,0,0,0,0
1,28,0,0,0,0,0,0,0,3.24,99.48,583.56,1021.08,1193.88,1221.12,1247.64,1077.12,758.52,258,35.28,0,0,0,0,0,0
1,29,0,0,0,0,0,0,0,1.92,93.48,408,716.52,869.76,867.72,737.4,229.08,246,138.12,24.24,0,0,0,0,0,0
1,30,0,0,0,0,0,0,0,2.28,103.56,475.44,882.12,1092.6,1171.32,1152.84,975.12,681.84,215.16,36.84,0,0,0,0,0,0
1,31,0,0,0,0,0,0,0,0.12,93.84,175.2,313.2,459.36,402.6,595.44,329.88,163.56,62.28,5.28,0,0,0,0,0,0
2,1,0,0,0,0,0,0,0,0,0.48,19.92,52.8,32.28,24.24,7.08,2.04,5.64,6.48,0.84,0,0,0,0,0,0
2,2,0,0,0,0,0,0,0,2.64,138.24,543.36,794.88,1112.28,1231.32,1154.04,1148.52,947.64,344.64,45.12,0,0,0,0,0,0
2,3,0,0,0,0,0,0,0,0.72,37.2,67.08,98.88,195.36,201.6,157.32,177.84,122.52,32.76,0,0,0,0,0,0,0
2,4,0,0,0,0,0,0,0,0,7.2,46.08,96.36,308.64,889.32,995.76,1073.16,823.44,398.16,53.64,0,0,0,0,0,0
2,5,0,0,0,0,0,0,0,0.24,22.2,43.44,44.28,67.68,68.64,36.36,29.52,18.36,15.24,2.88,0,0,0,0,0,0
2,6,0,0,0,0,0,0,0,0,9.6,98.76,182.4,175.8,193.92,272.4,182.4,134.16,96.96,34.44,0,0,0,0,0,0
2,7,0,0,0,0,0,0,0,2.16,56.76,233.04,314.52,568.2,662.28,356.64,214.92,175.92,92.64,25.8,0,0,0,0,0,0
2,8,0,0,0,0,0,0,0,0,60,337.56,1063.44,1184.88,1263.72,1184.04,826.2,467.52,267.24,72,0,0,0,0,0,0
2,9,0,0,0,0,0,0,0,1.2,77.04,580.92,1028.04,1087.92,1160.28,1249.92,1117.08,866.64,475.92,91.32,0.12,0,0,0,0,0
2,10,0,0,0,0,0,0,0,9.24,143.4,649.08,973.2,1134.48,1167.36,950.4,584.76,278.16,170.76,50.16,0.24,0,0,0,0,0
2,11,0,0,0,0,0,0,0,9.48,215.64,701.88,1069.8,1261.44,1322.52,1323.96,1210.68,966.24,535.56,104.28,0.36,0,0,0,0,0
2,12,0,0,0,0,0,0,0,0,5.16,13.8,6.24,25.92,82.44,283.56,273.96,278.4,248.04,13.56,0,0,0,0,0,0
2,13,0,0,0,0,0,0,0,12,267.96,787.2,1065.24,1250.4,1165.44,798.24,948.48,728.28,457.56,95.16,0.84,0,0,0,0,0
2,14,0,0,0,0,0,0,0,9.24,244.56,707.16,828.6,582.48,683.16,759.6,561.84,328.56,161.16,20.4,0,0,0,0,0,0
2,15,0,0,0,0,0,0,0,10.08,138.6,414.12,592.92,897.36,1090.56,1199.64,1190.4,1006.56,659.16,156.48,2.04,0,0,0,0,0
2,16,0,0,0,0,0,0,0,16.56,360.72,833.64,1126.44,1273.68,1338.84,1327.44,1175.28,885,484.2,98.4,3.6,0,0,0,0,0
2,17,0,0,0,0,0,0,0,0,5.76,18.72,69.72,67.08,54.24,82.8,22.68,22.44,6.48,0,0,0,0,0,0,0
2,18,0,0,0,0,0,0,0,0,18.12,23.88,49.68,133.56,322.92,183.84,169.92,174.84,79.44,43.2,0,0,0,0,0,0
2,19,0,0,0,0,0,0,0,3.96,70.92,266.28,516.72,563.16,945.96,975.96,772.32,706.68,466.2,128.16,1.68,0,0,0,0,0
2,20,0,0,0,0,0,0,0,17.28,264.48,855.96,1172.4,1358.88,1415.04,1383.36,1245,961.2,572.04,143.52,2.52,0,0,0,0,0
2,21,0,0,0,0,0,0,0,22.2,195.72,551.64,967.8,1132.2,1247.28,1277.88,1200.12,949.8,586.44,166.92,6.24,0,0,0,0,0
2,22,0,0,0,0,0,0,0,19.08,226.08,547.68,814.2,987.36,1100.52,851.52,647.64,532.44,236.04,23.04,0.36,0,0,0,0,0
2,23,0,0,0,0,0,0,0,43.92,445.68,880.56,1167.36,1364.16,1435.8,1420.56,1310.28,1089.84,732.36,272.16,4.32,0,0,0,0,0
2,24,0,0,0,0,0,0,0,34.08,337.92,734.16,1042.08,1222.68,1191.24,1245.36,879.24,343.8,315.72,74.52,2.28,0,0,0,0,0
2,25,0,0,0,0,0,0,0,44.88,369.6,780.24,1066.68,1218,1193.04,1044,1072.08,439.44,423.24,69.72,3.12,0,0,0,0,0
2,26,0,0,0,0,0,0,0,0,6.96,80.52,138.12,210.84,113.4,240.48,92.4,185.16,126.12,43.44,1.32,0,0,0,0,0
2,27,0,0,0,0,0,0,0,7.44,122.76,693.24,1020.48,1257.24,927.24,852,718.44,917.64,485.16,115.8,1.92,0,0,0,0,0
2,28,0,0,0,0,0,0,0,40.56,320.64,726.72,1004.28,1182,1271.88,1233.84,1061.64,816.36,267.24,89.16,2.64,0,0,0,0,0
3,1,0,0,0,0,0,0,0,0,14.28,198.72,461.28,513,746.76,795.36,628.68,287.04,277.32,79.32,5.76,0,0,0,0,0
3,2,0,0,0,0,0,0,0,5.4,139.92,395.04,882.12,868.92,1247.28,1375.92,1264.44,1038,692.16,222.6,8.52,0,0,0,0,0
3,3,0,0,0,0,0,0,0,37.56,417.12,869.16,1143.12,1311.24,1305.12,1364.28,1294.2,1066.2,683.28,247.56,9.48,0,0,0,0,0
3,4,0,0,0,0,0,0,0,37.56,193.32,419.4,721.8,994.8,1089.48,1080.24,933,675,384.6,124.56,6.96,0,0,0,0,0
3,5,0,0,0,0,0,0,0,42.96,190.44,676.32,1029.48,1238.64,1305,1303.44,1204.44,1008.12,713.52,298.56,16.68,0,0,0,0,0
3,6,0,0,0,0,0,0,0,51.12,333.48,679.44,936.36,1110.72,1161.84,1144.8,1023.84,822.36,514.8,180.96,7.92,0,0,0,0,0
3,7,0,0,0,0,0,0,0,13.92,124.2,172.44,85.56,144.84,907.8,490.8,624.12,645.24,425.88,165.84,9.12,0,0,0,0,0
3,8,0,0,0,0,0,0,0,40.44,184.8,375.48,681.72,915.84,957.12,938.28,819.84,583.8,324.84,119.76,8.16,0,0,0,0,0
3,9,0,0,0,0,0,0,0,46.2,298.8,609.84,813.36,955.08,1083.48,1104.24,989.16,786.6,475.44,166.2,11.64,0,0,0,0,0
3,10,0,0,0,0,0,0,0,40.68,234.48,613.68,1071.96,1374.96,1452,1428.96,1305.36,1067.4,680.16,280.56,22.32,0,0,0,0,0
3,11,0,0,0,0,0,0,0,105.48,499.92,879.12,1113.84,1238.16,1273.56,1239.24,1108.8,902.16,588.48,231.96,16.44,0,0,0,0,0
3,12,0,0,0,0,0,0,0,71.76,337.2,684.6,945.6,1071.84,1121.16,1087.08,909.6,548.52,435.12,103.92,11.16,0,0,0,0,0
3,13,0,0,0,0,0,0,0,1.8,43.56,93.48,131.76,119.52,153.24,304.68,286.8,231.72,214.44,128.16,13.68,0,0,0,0,0
3,14,0,0,0,0,0,0,0,10.8,54.6,185.4,497.16,1262.52,1296.84,1196.16,1019.04,967.32,651.72,275.64,21.48,0,0,0,0,0
3,15,0,0,0,0,0,0,0,37.56,254.28,690.6,1095.48,1247.76,1303.44,1278.84,1172.4,837,509.28,181.92,15.36,0,0,0,0,0
3,16,0,0,0,0,0,0,0.12,87.36,458.64,826.2,1086,1218.24,1279.08,1234.08,1106.04,821.4,475.56,180.96,17.64,0,0,0,0,0
3,17,0,0,0,0,0,0,0,82.44,269.04,536.52,405,349.08,688.08,367.56,124.92,41.88,57.96,21.24,0,0,0,0,0,0
3,18,0,0,0,0,0,0,0,18,78.48,141.84,181.56,443.04,508.56,548.88,766.92,431.28,334.08,177,20.52,0,0,0,0,0
3,19,0,0,0,0,0,0,0.12,68.76,307.2,602.76,820.56,977.16,892.8,720.96,496.32,340.32,177.6,64.32,4.68,0,0,0,0,0
3,20,0,0,0,0,0,0,0,35.52,72.48,79.56,115.8,242.52,331.44,833.04,642.48,440.4,513,307.8,27.12,0,0,0,0,0
3,21,0,0,0,0,0,0,2.52,148.32,556.08,933.72,1171.68,1284.96,1359.48,1332.24,1227.48,1008,690.84,295.08,29.88,0,0,0,0,0
3,22,0,0,0,0,0,0,3.72,123.84,326.76,302.88,292.92,381.6,371.88,481.2,814.68,338.16,427.92,191.16,19.44,0,0,0,0,0
3,23,0,0,0,0,0,0,0.12,64.8,414.84,553.56,1125.96,1260.48,1314.96,1201.8,740.28,621.72,398.76,148.56,16.08,0,0,0,0,0
3,24,0,0,0,0,0,0,1.92,69.24,221.52,391.56,518.88,492.84,449.76,467.88,361.92,299.16,360.36,86.28,6.6,0,0,0,0,0
3,25,0,0,0,0,0,0,2.52,88.08,340.08,626.88,781.68,778.32,915.84,946.56,867.12,710.88,452.52,138.24,14.16,0,0,0,0,0
3,26,0,0,0,0,0,0,3,109.32,269.52,369.24,575.04,517.92,698.28,810.96,736.32,551.88,348.24,124.68,13.2,0,0,0,0,0
3,27,0,0,0,0,0,0,0.48,85.44,358.08,777.96,1010.88,1153.56,1242.48,1224.6,1115.88,915.6,628.08,275.4,31.32,0,0,0,0,0
3,28,0,0,0,0,0,0,7.32,168.12,516.12,845.76,1086,1246.32,1298.16,1221.48,955.8,547.68,379.68,187.32,28.44,0,0,0,0,0
3,29,0,0,0,0,0,0,3.12,91.2,533.4,910.08,1183.32,1301.28,1377.24,1340.88,1149.48,702.72,508.56,184.44,34.56,0,0,0,0,0
3,30,0,0,0,0,0,0,8.52,120.96,409.68,700.56,800.28,941.28,878.28,657,466.2,326.76,320.16,108.6,6.84,0,0,0,0,0
3,31,0,0,0,0,0,0,3.6,116.52,445.2,815.64,1049.52,1280.64,1306.44,1245,1127.76,922.44,608.76,261.36,35.64,0,0,0,0,0
4,1,0,0,0,0,0,0,7.68,148.2,355.56,736.08,865.68,840,906.6,1016.52,1101.36,899.88,604.8,242.88,40.2,0,0,0,0,0
4,2,0,0,0,0,0,0,0,19.44,146.52,221.16,206.28,227.88,189.84,131.4,124.2,115.2,40.56,12.24,0,0,0,0,0,0
4,3,0,0,0,0,0,0,10.8,195.96,564.24,906.12,1135.68,1291.32,1332.24,1253.88,1174.32,989.16,463.32,232.8,36.72,0,0,0,0,0
4,4,0,0,0,0,0,0,3.96,47.76,160.56,337.56,528,1112.52,1276.8,1214.28,1128.96,879.96,564.12,210,53.52,0,0,0,0,0
4,5,0,0,0,0,0,0,14.16,164.88,450.24,357.6,702.6,799.32,704.4,431.64,292.8,176.4,117.48,78.36,18.96,0,0,0,0,0
4,6,0,0,0,0,0,0,0,8.04,42.72,138.72,138.12,200.52,81.24,35.28,20.76,40.8,41.04,7.8,0,0,0,0,0,0
4,7,0,0,0,0,0,0,0,12,87.24,183.12,219.12,516.84,937.68,955.32,842.88,934.2,649.2,320.52,41.64,0,0,0,0,0
4,8,0,0,0,0,0,0,20.52,146.28,486.48,584.52,623.76,785.52,801.48,1031.76,855.96,819.6,570,292.08,43.2,0,0,0,0,0
4,9,0,0,0,0,0,0,16.32,173.64,528.84,863.64,1104.84,1263.12,1308.48,1269.6,1172.04,975.36,642.84,284.4,49.2,0,0,0,0,0
4,10,0,0,0,0,0,0,23.52,221.4,430.32,661.2,1182.96,1119.6,1343.76,1346.88,1207.56,974.04,569.16,275.76,47.76,0,0,0,0,0
4,11,0,0,0,0,0,0,23.04,228,588.96,930.24,1171.32,1316.04,1365.36,1330.56,1209.6,1001.16,680.52,301.32,46.92,0,0,0,0,0
4,12,0,0,0,0,0,0,25.2,201.12,562.08,941.16,1174.44,1340.4,1387.44,1354.56,1234.44,1012.08,691.32,317.88,50.28,0,0,0,0,0
4,13,0,0,0,0,0,0,33.72,225.72,537.36,843.6,1067.04,1199.4,1243.32,1208.52,1101.84,886.8,582.72,262.56,46.56,0,0,0,0,0
4,14,0,0,0,0,0,0,24.96,157.92,423.72,675.24,905.4,454.44,132.24,889.56,1109.88,973.08,680.16,321.36,55.32,0,0,0,0,0
4,15,0,0,0,0,0,0,28.2,210.12,522.36,830.64,983.4,1124.4,1139.52,1082.28,983.4,791.04,517.2,233.16,47.16,0,0,0,0,0
4,16,0,0,0,0,0,0,35.76,193.08,362.4,529.32,872.88,1063.56,1179.96,1159.68,794.4,678.36,409.92,51.36,0.96,0,0,0,0,0
4,17,0,0,0,0,0,0,4.56,65.88,209.04,694.32,659.04,228.24,688.32,813.24,423.84,429.72,422.28,271.68,49.8,0,0,0,0,0
4,18,0,0,0,0,0,0,7.44,73.56,189.6,321.72,503.88,701.52,677.64,1168.56,1029.96,807.24,526.92,250.2,56.04,0,0,0,0,0
4,19,0,0,0,0,0,0,35.76,135.84,468.84,819.72,858.24,1069.8,1236.72,1224.48,1115.52,906.72,606.84,276.96,58.68,0,0,0,0,0
4,20,0,0,0,0,0,0,0,14.52,33.72,60.96,113.88,99.36,255.36,173.28,84.84,62.28,101.88,38.88,7.08,0,0,0,0,0
4,21,0,0,0,0,0,0,45,258.6,596.04,900,1140.48,1303.2,1345.32,1297.08,1176.6,968.52,637.2,261.6,69.72,0,0,0,0,0
4,22,0,0,0,0,0,0,44.88,269.28,610.8,909.24,1139.28,1187.4,1227.12,1229.16,1125.36,804.36,584.04,235.8,48.84,0,0,0,0,0
4,23,0,0,0,0,0,0,1.44,18.6,38.16,45.48,98.04,97.92,77.88,54.84,84.6,57,53.4,12.72,0,0,0,0,0,0
4,24,0,0,0,0,0,0,0,27.24,128.64,634.56,941.16,1247.76,1318.92,1281.48,1145.88,916.44,589.8,286.08,69.96,0,0,0,0,0
4,25,0,0,0,0,0,0,5.16,52.92,107.88,214.56,503.04,597.36,253.56,77.28,157.44,179.28,263.4,267,69.24,0,0,0,0,0
4,26,0,0,0,0,0,0,45.12,269.76,605.4,930.6,1151.28,1269.96,1318.2,1287.24,1178.88,956.52,650.16,307.68,62.28,0.24,0,0,0,0
4,27,0,0,0,0,0,0,57.36,253.44,523.44,788.52,1028.28,1137.12,1188.24,605.52,80.64,300.24,255.96,213.6,33.84,0,0,0,0,0
4,28,0,0,0,0,0,0,42.12,222.96,499.56,769.56,788.88,663.96,939.36,1147.2,1123.68,711.36,394.56,278.4,42.48,0,0,0,0,0
4,29,0,0,0,0,0,0,11.64,66.24,144.12,156.96,164.64,187.92,91.44,98.76,89.04,145.56,187.56,130.68,35.4,0,0,0,0,0
4,30,0,0,0,0,0,0,37.32,147,287.16,614.16,912.84,877.8,1015.08,1076.76,989.16,813.36,685.92,334.2,79.68,1.56,0,0,0,0
5,1,0,0,0,0,0,0,73.32,211.92,613.8,895.92,1084.08,1190.76,1260.24,1228.08,1114.92,933.72,648.6,342.72,119.76,1.32,0,0,0,0
5,2,0,0,0,0,0,0.12,74.28,323.28,651.12,923.52,1123.2,1258.56,1268.52,1211.04,1084.32,895.08,625.92,310.32,80.76,1.32,0,0,0,0
5,3,0,0,0,0,0,0,37.68,192.84,542.76,871.2,1053.84,1125.48,1182.24,1126.08,683.76,764.76,417.6,192.48,53.04,1.08,0,0,0,0
5,4,0,0,0,0,0,0,74.04,309.48,641.4,923.76,1087.8,1188.48,1285.32,1240.56,1138.68,955.56,671.76,348.36,85.2,1.68,0,0,0,0
5,5,0,0,0,0,0,0,45.48,209.64,562.92,911.64,1113.6,1220.76,1222.32,1233.96,1148.76,972.84,688.8,362.28,86.4,1.92,0,0,0,0
5,6,0,0,0,0,0,0.12,77.76,337.92,669.48,935.52,1126.32,1273.32,1170.48,1136.52,1111.2,915.48,645.6,327.48,81.24,2.16,0,0,0,0
5,7,0,0,0,0,0,0.36,74.64,288.24,575.76,832.32,1004.88,1139.88,1178.28,1155.24,1029.96,850.56,562.32,306.72,71.52,3.6,0,0,0,0
5,8,0,0,0,0,0,2.64,108.36,290.88,623.52,807.6,1004.76,1157.16,1173.72,1169.4,1059.72,854.64,556.68,246.36,80.52,2.4,0,0,0,0
5,9,0,0,0,0,0,0,38.76,98.52,184.92,355.44,373.32,597.48,353.16,394.8,427.56,323.16,116.04,26.28,4.56,0,0,0,0,0
5,10,0,0,0,0,0,0,0,54.48,85.2,181.92,308.4,240.72,528.48,533.76,211.56,229.56,149.52,96.96,19.92,0,0,0,0,0
5,11,0,0,0,0,0,0,43.56,136.44,333.6,565.2,996.84,1160.64,1179.24,1145.28,1041.96,865.44,585.36,303.12,91.32,3.36,0,0,0,0
5,12,0,0,0,0,0,0.12,78.24,266.76,564.72,847.08,1048.32,1155.6,1185.96,1146.36,1037.88,849.12,608.76,324.84,91.68,3.36,0,0,0,0
5,13,0,0,0,0,0,0.72,85.08,320.88,626.76,887.28,1069.44,1171.56,1212.84,1187.52,1086.84,920.64,668.4,354.72,90.24,5.04,0,0,0,0
5,14,0,0,0,0,0,2.16,89.52,362.28,671.64,919.68,1063.8,1176.72,1257.24,1209.36,1053.72,898.56,428.76,232.08,97.8,4.8,0,0,0,0
5,15,0,0,0,0,0,0.48,90.36,160.32,500.16,696,881.4,589.8,893.88,792.12,806.76,754.44,583.2,292.32,100.68,5.28,0,0,0,0
5,16,0,0,0,0,0,2.28,95.4,282.72,606.48,770.4,916.56,1223.04,1121.76,1023.6,918,775.44,623.04,338.76,124.68,6.96,0,0,0,0
5,17,0,0,0,0,0,0.96,81,368.28,570.36,985.68,1177.08,1153.8,921.6,865.56,895.68,796.56,692.64,372.24,72.24,1.92,0,0,0,0
5,18,0,0,0,0,0,1.68,111.84,323.52,551.76,747.96,873.84,1019.76,953.76,875.88,737.52,565.68,332.64,87.84,14.28,0,0,0,0,0
5,19,0,0,0,0,0,0,5.4,61.92,74.4,211.8,320.88,352.44,243.48,214.08,218.4,218.88,234.96,86.64,20.04,0,0,0,0,0
5,20,0,0,0,0,0,2.4,103.08,275.76,421.92,334.44,667.8,676.68,330.84,299.4,379.08,305.28,248.88,167.04,92.52,8.4,0,0,0,0
5,21,0,0,0,0,0,0.12,53.28,228.12,688.68,964.2,1123.68,1211.4,1229.52,1182.96,1107,919.8,666.36,366.6,109.68,7.56,0,0,0,0
5,22,0,0,0,0,0,2.64,90.36,303.96,577.44,799.92,978.36,1083.72,1100.04,1082.4,984.12,812.52,574.32,310.56,101.16,5.88,0,0,0,0
5,23,0,0,0,0,0,2.28,88.32,271.56,518.64,774.72,982.32,1066.32,1089,1062.24,990.96,819.6,577.44,311.28,105.72,6.84,0,0,0,0
5,24,0,0,0,0,0,1.8,51.24,254.88,589.32,813.12,1036.92,1102.68,1138.68,1116.6,1049.64,883.32,636,352.8,108.36,7.56,0,0,0,0
5,25,0,0,0,0,0,1.92,67.68,291.12,537.24,846.24,989.76,1107.72,1165.08,1158.36,1059.48,864.24,610.8,356.64,112.8,7.08,0,0,0,0
5,26,0,0,0,0,0,0.12,74.16,211.8,370.08,528.12,413.76,680.16,819.48,575.64,418.32,270.12,194.88,99.12,27.96,0,0,0,0,0
5,27,0,0,0,0,0,0,0.36,29.28,47.16,77.28,122.16,151.44,124.2,89.04,75.24,59.16,40.08,0.84,0,0,0,0,0,0
5,28,0,0,0,0,0,0,0,10.56,40.68,102.24,282.6,537.48,168.36,191.16,614.28,65.76,34.56,26.4,0,0,0,0,0,0
5,29,0,0,0,0,0,0,0,20.88,102.12,118.92,102,130.2,426.36,648.72,254.88,101.52,140.04,175.44,30.48,9.36,0,0,0,0
5,30,0,0,0,0,0,4.08,111,296.4,386.16,592.2,917.76,971.88,1171.8,942.72,878.28,746.04,571.44,327.48,122.28,9.24,0,0,0,0
5,31,0,0,0,0,0,3.72,75.72,141.72,217.56,219,287.4,190.56,315,411.48,544.92,539.64,466.44,256.68,80.28,5.88,0,0,0,0
6,1,0,0,0,0,0,0,18.48,61.32,122.52,200.4,319.44,359.64,451.08,445.8,484.08,438,315.96,202.08,90.84,9.84,0,0,0,0
6,2,0,0,0,0,0,8.04,115.08,260.76,507.72,732.6,853.92,854.04,906.72,1123.08,945.6,891.84,672,372.48,128.28,12.84,0,0,0,0
6,3,0,0,0,0,0,0,34.44,145.44,365.28,751.32,977.16,1082.04,1121.64,1090.08,994.08,842.52,603.24,338.88,118.08,7.2,0,0,0,0
6,4,0,0,0,0,0,2.4,95.16,318.6,603.6,832.2,994.92,1094.52,1113.6,1073.64,999.6,840.72,609.36,342.24,123.48,14.16,0,0,0,0
6,5,0,0,0,0,0,3.48,69.48,219.36,443.88,816.36,958.2,1081.56,1125.96,1111.32,885.72,698.76,498,355.44,152.52,27.36,0,0,0,0
6,6,0,0,0,0,0,3.72,103.2,323.28,570.84,757.32,867.72,1050.6,1113.72,1065.48,970.56,819.24,572.4,323.52,122.04,12.24,0,0,0,0
6,7,0,0,0,0,0,12.48,126,304.08,530.88,716.88,987.6,1119,1146.24,1117.92,1020.72,855.36,611.4,316.68,117.24,13.44,0,0,0,0
6,8,0,0,0,0,0,1.92,59.16,203.28,442.08,741.6,560.88,419.52,488.88,459.96,328.92,317.88,238.68,205.8,57.6,2.88,0,0,0,0
6,9,0,0,0,0,0,0,27,171.6,474.84,471.72,1050.12,745.68,1114.44,1182,1062.24,844.8,506.76,253.68,46.92,0.12,0,0,0,0
6,10,0,0,0,0,0,0,46.8,178.8,402.12,494.64,302.28,239.28,528.48,420.24,247.8,112.44,254.4,233.76,77.4,0,0,0,0,0
6,11,0,0,0,0,0,0,44.04,113.16,335.28,604.56,495.48,255.72,383.4,409.08,129.96,73.44,51.24,24.6,0.96,0,0,0,0,0
6,12,0,0,0,0,0,0,3,28.32,111.6,159.96,198.12,285.24,297.6,423.72,544.08,576.36,179.76,84.24,15,0,0,0,0,0
6,13,0,0,0,0,0,0.12,73.44,186.96,356.88,344.88,496.8,606.6,496.92,480.96,562.08,391.8,315,154.92,24.6,1.68,0,0,0,0
6,14,0,0,0,0,0,0,3.24,53.4,112.68,127.08,225.84,297.84,238.08,431.04,346.08,292.56,226.2,99.84,8.16,0,0,0,0,0
6,15,0,0,0,0,0,0,56.64,141.72,377.4,733.92,785.64,910.92,774.12,902.16,1038,884.52,653.04,275.04,119.28,18.36,0,0,0,0
6,16,0,0,0,0,0,3.12,99.96,150.48,219.24,491.4,773.52,1137.6,1166.88,1143.24,1083.36,919.56,687.72,401.88,126.48,9.36,0,0,0,0
6,17,0,0,0,0,0,0,42.72,160.32,306.36,523.32,1023.36,1025.76,895.56,810.36,631.32,430.92,338.4,232.8,78.48,1.8,0,0,0,0
6,18,0,0,0,0,0,0,37.32,36,19.56,4.56,68.28,3.72,114.6,104.16,86.4,46.68,0,0,0,0,0,0,0,0
6,19,0,0,0,0,0,0,0,0,9.96,90.36,132.6,192.96,225.36,315.24,538.8,587.76,635.4,398.16,141.48,12.12,0,0,0,0
6,20,0,0,0,0,0,0,17.88,167.76,540,499.68,407.88,624.84,946.44,795.72,981.84,682.08,633.36,369,138.36,17.28,0,0,0,0
6,21,0,0,0,0,0,1.32,111.96,318.72,522.24,737.04,930.24,1016.28,1039.32,876.36,732.96,659.64,463.08,364.32,160.2,21.12,0,0,0,0
6,22,0,0,0,0,0,0,60.12,193.8,280.08,393.36,769.32,935.52,1098.6,1068.12,939.48,768.96,567.24,277.68,103.2,2.4,0,0,0,0
6,23,0,0,0,0,0,0,23.4,39.24,118.92,92.88,74.4,133.8,183.24,169.2,153.36,151.32,88.32,97.44,50.4,0.24,0,0,0,0
6,24,0,0,0,0,0,1.44,93.6,322.68,570.12,825.12,964.44,849.6,987.48,1069.56,1030.32,856.44,651.12,318.36,130.92,9.6,0,0,0,0
6,25,0,0,0,0,0,0.36,30.96,58.68,162.84,358.92,399.6,306.36,230.88,177.48,184.44,153.48,174.48,92.88,20.52,0,0,0,0,0
6,26,0,0,0,0,0,0,78.48,246,335.4,533.52,653.88,1149.72,1163.04,984,998.04,864,522.6,369.48,115.8,14.52,0,0,0,0
6,27,0,0,0,0,0,0,52.2,146.28,218.52,306.24,661.44,917.88,632.4,681.36,576.6,350.88,309.6,239.4,104.28,20.76,0,0,0,0
6,28,0,0,0,0,0,1.92,80.16,201.48,356.28,514.32,579.72,622.56,913.44,756.12,642.48,542.4,359.16,255.6,49.44,0,0,0,0,0
6,29,0,0,0,0,0,0.84,93.24,281.88,545.76,797.64,995.04,1071.6,1119.84,1012.2,1019.76,826.08,350.64,364.08,163.8,22.8,0,0,0,0
6,30,0,0,0,0,0,1.32,76.68,309.6,574.44,840.96,1003.92,979.92,1037.88,885.24,1046.4,856.44,340.08,114.36,48.12,0,0,0,0,0
7,1,0,0,0,0,0,0,40.92,191.88,449.52,704.4,812.04,989.4,877.8,930.96,722.4,494.4,576.48,384.96,144.24,21.24,0,0,0,0
7,2,0,0,0,0,0,0,0,51.72,98.88,239.28,774.12,377.64,434.4,407.64,600.24,741.84,390.6,236.28,100.44,4.68,0,0,0,0
7,3,0,0,0,0,0,0,0,0,0,26.76,39.6,113.16,156.24,299.16,180,196.44,360.48,210.6,36.84,0,0,0,0,0
7,4,0,0,0,0,0,0,40.68,60.96,56.64,160.92,176.16,333.96,176.16,245.88,117.36,55.92,48.72,45.24,1.08,0,0,0,0,0
7,5,0,0,0,0,0,0,0,18.36,21.48,80.4,198.84,174.72,59.04,19.2,461.04,501,219.6,88.32,15.48,0,0,0,0,0
7,6,0,0,0,0,0,0,19.2,99.36,129.6,536.88,537.6,378.24,691.68,608.88,198.24,426.6,280.08,259.32,72.48,14.4,0,0,0,0
7,7,0,0,0,0,0,0,0,85.8,343.92,249.72,33.6,175.32,161.76,141.48,55.68,87.48,88.68,3.84,0,0,0,0,0,0
7,8,0,0,0,0,0,0,10.68,56.04,212.52,435.84,656.64,211.2,191.16,129.72,189.36,176.28,274.32,84.84,49.08,3,0,0,0,0
7,9,0,0,0,0,0,0,82.32,42,49.44,137.88,729.72,956.4,976.8,1053.36,780.12,576.84,240.72,72.48,27.84,0,0,0,0,0
7,10,0,0,0,0,0,0,70.8,261.24,527.88,841.68,1022.04,1154.76,1119.24,891.48,881.52,642.84,467.28,288.6,133.2,8.28,0,0,0,0
7,11,0,0,0,0,0,0,72.48,315.36,562.68,852.12,1023.24,1131.6,1167,1164.12,1077.12,920.88,678,389.28,127.32,14.4,0,0,0,0
7,12,0,0,0,0,0,0,78.96,194.16,509.76,780.72,898.2,887.64,587.64,464.04,862.92,836.04,398.16,218.04,146.28,27.6,0,0,0,0
7,13,0,0,0,0,0,0,64.56,324.12,555,766.08,1016.04,1136.64,1090.8,1125.84,962.88,728.16,665.64,203.04,152.04,18.6,0,0,0,0
7,14,0,0,0,0,0,0,38.04,175.2,239.64,453.6,854.52,1003.56,614.88,650.4,498.96,592.44,367.8,262.92,98.52,27.36,0,0,0,0
7,15,0,0,0,0,0,0,34.08,106.92,172.56,469.56,806.28,897.36,1170.6,1165.92,1075.32,841.92,689.04,332.28,75.72,4.56,0,0,0,0
7,16,0,0,0,0,0,0,31.68,147,494.52,720.48,937.56,1095.72,1208.88,1127.16,1040.28,838.08,373.92,286.68,110.64,4.8,0,0,0,0
7,17,0,0,0,0,0,0,67.8,164.28,619.92,876.96,802.2,999.6,1131.48,890.76,889.8,740.76,276.72,223.8,90.48,11.4,0,0,0,0
7,18,0,0,0,0,0,0,66.84,281.88,511.32,709.92,997.08,1178.04,1206,985.44,430.32,522.84,751.56,504,138.72,7.56,0,0,0,0
7,19,0,0,0,0,0,0,46.08,276.48,564,808.08,1030.2,1077.84,1156.56,1123.92,1012.92,673.68,334.68,223.92,74.04,10.56,0,0,0,0
7,20,0,0,0,0,0,0,30.48,309.36,432.36,854.04,931.56,863.88,1023,1140.36,1068.12,921.36,696.12,408.24,119.16,6.84,0,0,0,0
7,21,0,0,0,0,0,0,17.64,74.16,167.64,278.88,498,600.72,875.88,713.4,631.92,411.24,269.76,110.88,22.32,0,0,0,0,0
7,22,0,0,0,0,0,0,64.56,101.64,468.36,741,873.12,822,198.12,212.64,152.52,357.24,140.76,194.16,191.04,16.08,0,0,0,0
7,23,0,0,0,0,0,0,8.52,108.72,130.2,143.04,103.56,313.08,411.12,502.56,340.68,463.68,566.52,359.52,130.08,15.48,0,0,0,0
7,24,0,0,0,0,0,0,25.44,70.08,411.36,385.92,107.16,286.92,453.6,625.32,255.96,240.24,430.8,207.48,101.52,9,0,0,0,0
7,25,0,0,0,0,0,0,35.28,123.96,360.24,667.8,915.6,801.12,722.52,991.56,975.96,639.24,576.12,307.56,133.08,11.28,0,0,0,0
7,26,0,0,0,0,0,0,18.48,103.92,143.76,232.56,707.16,1021.8,1099.68,1097.52,997.32,868.68,637.68,361.44,122.4,9.12,0,0,0,0
7,27,0,0,0,0,0,0,8.28,196.8,348.24,584.4,697.08,775.08,574.68,879,581.4,446.64,544.56,244.68,62.88,4.8,0,0,0,0
7,28,0,0,0,0,0,0,0,55.08,180.96,399.72,579.96,695.28,718.08,756.12,1075.44,839.64,526.32,297.48,70.44,1.32,0,0,0,0
7,29,0,0,0,0,0,0,8.88,0,0,15.96,122.28,150,112.44,276.48,457.2,303.72,383.16,156.12,64.2,0,0,0,0,0
7,30,0,0,0,0,0,0,0,92.88,303.72,317.76,804.36,808.08,961.32,919.56,977.16,792.84,570.96,299.88,103.32,8.4,0,0,0,0
7,31,0,0,0,0,0,0,21.36,111.72,196.2,215.64,552.84,759.12,716.28,1038.96,964.56,790.2,189.72,143.16,43.08,0,0,0,0,0
8,1,0,0,0,0,0,0,32.16,202.68,431.76,697.8,891.72,992.52,1072.68,1058.52,945.36,813.72,546.12,237.12,98.04,5.88,0,0,0,0
8,2,0,0,0,0,0,0,28.92,161.64,283.08,380.88,272.76,268.56,591.96,849.72,855.48,714.36,530.64,251.76,77.28,2.28,0,0,0,0
8,3,0,0,0,0,0,0,36.48,244.08,266.88,339.12,320.16,432.72,815.76,832.08,1065.36,761.88,507.48,236.16,99.48,16.08,0,0,0,0
8,4,0,0,0,0,0,0,0,12.84,142.08,580.8,750.84,949.44,1073.64,976.2,784.32,679.56,508.44,152.88,30.24,0,0,0,0,0
8,5,0,0,0,0,0,0,11.88,120,426.48,563.52,638.28,465.12,571.68,678.24,927.96,861,667.56,353.04,85.92,0.36,0,0,0,0
8,6,0,0,0,0,0,0,39.84,235.92,461.4,742.2,908.76,1060.32,1110.84,780.96,602.88,710.52,403.92,322.8,91.56,1.68,0,0,0,0
8,7,0,0,0,0,0,0,27.36,158.28,412.56,697.56,858.36,1044.72,1094.52,1090.92,1007.76,852.48,610.92,338.04,99.6,2.28,0,0,0,0
8,8,0,0,0,0,0,0,28.32,159.36,439.8,636.12,944.52,1042.68,1074,1068.84,986.28,825.84,620.16,329.16,94.68,4.56,0,0,0,0
8,9,0,0,0,0,0,0,36.24,176.76,428.76,723.72,909.48,1014.96,1082.16,1059.12,962.64,803.52,576.24,311.4,90.84,3.12,0,0,0,0
8,10,0,0,0,0,0,0,25.56,200.76,486.24,733.2,914.76,1039.32,1075.56,923.28,888.84,804.12,593.88,315.96,88.92,1.56,0,0,0,0
8,11,0,0,0,0,0,0,29.28,248.76,543.24,712.44,934.68,1046.64,1086.36,1066.68,993.6,850.92,628.56,341.64,91.8,2.88,0,0,0,0
8,12,0,0,0,0,0,0,28.92,235.8,318.36,747.12,985.32,1080.12,1111.56,1102.56,1024.2,733.44,521.88,340.32,82.92,2.04,0,0,0,0
8,13,0,0,0,0,0,0,31.92,245.04,524.88,818.16,981.96,1079.88,1125.72,1141.44,1013.52,880.68,596.52,336.84,108.72,1.92,0,0,0,0
8,14,0,0,0,0,0,0,31.8,245.76,547.8,791.16,975.72,1085.76,1016.52,719.88,672.96,361.2,580.32,356.04,87,1.2,0,0,0,0
8,15,0,0,0,0,0,0,30.72,223.2,543.72,831.24,959.04,1053,871.92,452.88,692.04,861.6,628.32,318.48,85.8,0.96,0,0,0,0
8,16,0,0,0,0,0,0,28.32,242.88,550.08,794.28,982.56,1079.04,683.28,648.48,947.64,873.36,624.12,360.36,81.48,0.72,0,0,0,0
8,17,0,0,0,0,0,0,33.96,230.88,510,756.96,938.76,1065.12,1090.68,1069.44,916.44,606.24,513.48,286.2,83.88,1.08,0,0,0,0
8,18,0,0,0,0,0,0,18.12,218.4,480.84,774.24,949.56,1063.2,1108.08,1011.6,1011.36,614.76,570.96,238.92,120.36,1.56,0,0,0,0
8,19,0,0,0,0,0,0,24.72,208.32,535.44,626.28,827.16,706.56,913.68,772.68,782.88,537.6,353.16,211.32,37.2,0,0,0,0,0
8,20,0,0,0,0,0,0,25.32,218.52,521.52,783.6,960.6,1049.76,1081.92,1120.2,1011.12,848.76,627.12,330.12,69.48,0,0,0,0,0
8,21,0,0,0,0,0,0,29.64,226.68,465,668.52,885.48,891.84,1120.44,1097.64,994.2,833.4,585.72,298.44,68.76,0,0,0,0,0
8,22,0,0,0,0,0,0,4.68,177.72,505.44,740.52,897.24,1054.68,840.48,966.24,506.88,767.4,476.28,197.52,38.4,0,0,0,0,0
8,23,0,0,0,0,0,0,0,24,91.92,125.28,230.52,188.76,101.76,264,124.56,102,154.08,148.08,22.8,0,0,0,0,0
8,24,0,0,0,0,0,0,0,37.8,99.24,61.8,4.56,0,0,37.68,98.64,82.68,67.8,42.24,24.36,0,0,0,0,0
8,25,0,0,0,0,0,0,0.48,83.52,215.04,278.52,503.64,550.92,588.12,434.76,383.64,211.2,281.28,70.68,6,0,0,0,0,0
8,26,0,0,0,0,0,0,10.2,91.68,231.36,329.52,540.96,532.8,730.08,999.24,951.36,781.44,521.64,225.72,37.08,0,0,0,0,0
8,27,0,0,0,0,0,0,15.72,86.04,214.68,681.24,939.24,1047.6,1068.96,1033.08,937.2,741.72,467.76,183,30.84,0,0,0,0,0
8,28,0,0,0,0,0,0,13.92,140.4,330.72,659.76,856.92,985.8,1007.04,997.56,903.6,728.28,493.44,213.24,36.48,0,0,0,0,0
8,29,0,0,0,0,0,0,7.32,77.16,205.92,280.92,776.16,746.52,775.32,453.84,275.52,142.8,47.04,42.12,0.24,0,0,0,0,0
8,30,0,0,0,0,0,0,0,5.04,39.84,105.96,172.8,267.48,652.68,671.76,528.72,526.68,186.96,120.84,21,0,0,0,0,0
8,31,0,0,0,0,0,0,5.16,178.2,497.4,582.48,816.72,1084.92,1073.64,1135.8,980.28,787.8,571.2,237.6,29.64,0,0,0,0,0
9,1,0,0,0,0,0,0,17.04,163.56,480.36,748.8,944.28,1093.92,1025.4,938.88,817.44,771.48,513.72,180.72,27.12,0,0,0,0,0
9,2,0,0,0,0,0,0,20.64,155.04,521.88,818.4,1016.52,1137.24,1174.2,1101.72,965.76,824.76,433.44,87.36,34.68,0,0,0,0,0
9,3,0,0,0,0,0,0,0,25.32,42.12,97.44,146.04,269.88,327.84,295.92,393,422.76,586.8,245.52,25.08,0,0,0,0,0
9,4,0,0,0,0,0,0,13.2,190.44,535.56,834.84,1032.84,1154.88,1190.04,1143.48,956.4,804.12,508.68,177,24.84,0,0,0,0,0
9,5,0,0,0,0,0,0,10.92,78.12,87.12,188.28,411.84,625.2,570,464.52,326.52,247.56,90.96,35.64,10.68,0,0,0,0,0
9,6,0,0,0,0,0,0,0,29.52,56.4,190.2,223.8,248.88,185.04,156.96,85.92,84.84,34.32,16.92,0,0,0,0,0,0
9,7,0,0,0,0,0,0,0,33.12,111.48,264.96,606.6,548.04,826.92,587.64,531.24,498.48,283.32,174.48,27,0,0,0,0,0
9,8,0,0,0,0,0,0,5.76,41.64,174.84,351.12,857.16,1052.16,938.88,1015.56,995.04,711.48,419.04,193.44,20.52,0,0,0,0,0
9,9,0,0,0,0,0,0,2.16,104.28,412.2,671.16,803.4,904.2,1031.52,992.04,923.4,635.76,261.72,143.88,18.24,0,0,0,0,0
9,10,0,0,0,0,0,0,10.8,169.44,427.44,730.08,904.2,898.08,806.52,546.48,457.32,261.6,195.72,49.08,2.16,0,0,0,0,0
9,11,0,0,0,0,0,0,0,45.96,99.84,144.12,100.68,216.6,302.04,233.52,628.8,314.16,276.48,127.08,8.88,0,0,0,0,0
9,12,0,0,0,0,0,0,0,39.96,76.68,130.44,323.04,158.76,466.2,555.72,406.68,320.52,315.84,90.6,7.8,0,0,0,0,0
9,13,0,0,0,0,0,0,8.64,99.36,270,637.92,890.64,495.72,784.68,420.96,679.08,412.8,448.8,163.8,13.32,0,0,0,0,0
9,14,0,0,0,0,0,0,0,0,5.76,120.72,358.32,374.88,233.4,94.92,140.52,532.32,459.36,180.6,34.8,0,0,0,0,0
9,15,0,0,0,0,0,0,11.52,176.28,505.8,802.92,1015.92,1129.08,1170,1120.2,978.36,804.96,533.4,201.72,15,0,0,0,0,0
9,16,0,0,0,0,0,0,13.44,221.76,598.8,912.84,1111.08,1203.84,1244.64,1210.2,1099.8,903.96,593.4,232.32,13.8,0,0,0,0,0
9,17,0,0,0,0,0,0,11.76,182.4,534.12,826.44,1011.12,1112.88,1184.4,1154.28,1008.84,776.64,503.16,180.96,11.76,0,0,0,0,0
9,18,0,0,0,0,0,0,9.6,153.36,443.4,719.16,924.84,1040.4,1078.44,1025.52,908.64,701.4,429.6,146.88,9.6,0,0,0,0,0
9,19,0,0,0,0,0,0,9.36,157.08,475.8,772.2,1008.12,1121.28,1139.64,1099.56,987.6,794.76,506.4,185.16,10.32,0,0,0,0,0
9,20,0,0,0,0,0,0,9.36,195,538.68,816.48,984.48,1108.44,1144.08,1107.96,998.52,834.48,380.04,183.84,10.8,0,0,0,0,0
9,21,0,0,0,0,0,0,2.64,130.44,393.12,823.08,1030.08,1142.28,1156.8,1106.52,987.84,796.44,522.84,180.12,8.88,0,0,0,0,0
9,22,0,0,0,0,0,0,7.56,173.64,496.2,759.72,866.64,1114.08,1155.36,1121.88,991.8,661.32,288.36,103.2,2.4,0,0,0,0,0
9,23,0,0,0,0,0,0,3.84,167.4,489.48,783.36,983.16,1108.8,1142.52,1095.96,970.08,754.56,460.68,154.08,5.64,0,0,0,0,0
9,24,0,0,0,0,0,0,2.28,172.44,488.52,668.16,594.12,789.96,455.16,188.76,175.68,143.04,105.6,30.48,0,0,0,0,0,0
9,25,0,0,0,0,0,0,0,32.76,81.72,274.68,361.08,619.2,1053.6,1185.36,1118.04,893.64,561.36,189.6,8.88,0,0,0,0,0
9,26,0,0,0,0,0,0,10.92,228.12,617.76,931.44,1144.32,1260.24,1282.56,1227.24,1111.32,890.76,566.28,192,4.08,0,0,0,0,0
9,27,0,0,0,0,0,0,6.6,205.08,570.36,882.72,1073.16,1165.44,1167.12,1155.96,996,740.52,347.64,99.6,0,0,0,0,0,0
9,28,0,0,0,0,0,0,0,33.12,104.04,273.72,260.76,490.44,388.8,202.44,259.8,122.16,82.92,14.64,0,0,0,0,0,0
9,29,0,0,0,0,0,0,0,41.16,112.32,108.48,473.04,159,225.36,117.96,115.32,106.8,53.52,17.28,0,0,0,0,0,0
9,30,0,0,0,0,0,0,0,32.76,347.28,533.64,802.32,1105.92,946.8,762.96,946.08,748.68,421.2,75.48,0,0,0,0,0,0
10,1,0,0,0,0,0,0,0,79.56,260.88,776.64,1017,916.32,1142.4,663.48,279.24,134.16,9.12,0,0,0,0,0,0,0
10,2,0,0,0,0,0,0,0,10.2,60.84,206.04,273,717.72,975.96,857.28,550.44,211.68,463.2,145.92,0.48,0,0,0,0,0
10,3,0,0,0,0,0,0,7.08,247.8,638.16,956.76,1144.2,1265.04,1298.52,1244.4,1120.56,864.36,524.16,159.96,0.6,0,0,0,0,0
10,4,0,0,0,0,0,0,6.84,225.84,612.96,932.28,1143.72,1237.56,1249.44,1190.04,1034.76,807.96,498.24,145.56,0.36,0,0,0,0,0
10,5,0,0,0,0,0,0,3.72,205.44,597.84,918.36,1119.72,1165.8,643.56,491.76,775.44,397.56,183.84,47.4,0,0,0,0,0,0
10,6,0,0,0,0,0,0,0,18.72,73.44,152.16,255.6,233.52,296.16,476.4,519.96,213.48,128.4,45.24,0,0,0,0,0,0
10,7,0,0,0,0,0,0,0.24,59.88,354.12,469.32,663.24,697.68,735.24,535.56,506.28,270.24,135.36,23.64,0,0,0,0,0,0
10,8,0,0,0,0,0,0,0,0,46.8,219.12,208.44,308.52,185.28,92.04,255.36,88.68,42.36,8.04,0,0,0,0,0,0
10,9,0,0,0,0,0,0,0,46.56,104.4,57,235.68,385.8,719.28,488.16,334.68,186.36,132.84,40.68,0,0,0,0,0,0
10,10,0,0,0,0,0,0,0,44.4,87.84,140.88,132.96,251.04,119.76,138.36,66,93.84,48.36,16.32,0,0,0,0,0,0
10,11,0,0,0,0,0,0,0,40.2,173.52,442.32,897.48,1071.36,1215.24,1205.52,1005.48,353.4,342.6,79.44,0,0,0,0,0,0
10,12,0,0,0,0,0,0,2.16,190.32,590.76,905.28,1119.24,1217.28,1228.92,1175.4,1032.84,797.4,462.84,102.96,0,0,0,0,0,0
10,13,0,0,0,0,0,0,0.84,175.2,572.64,884.88,1092.48,1202.64,1230.96,1143.96,986.28,747.12,420.36,86.88,0,0,0,0,0,0
10,14,0,0,0,0,0,0,0.96,149.28,517.8,819.36,1002.6,1105.08,1138.92,1040.4,923.76,648.6,344.16,63.24,0,0,0,0,0,0
10,15,0,0,0,0,0,0,0,62.52,165.6,432.36,410.28,571.92,971.04,831,606,402.6,312.36,44.04,0,0,0,0,0,0
10,16,0,0,0,0,0,0,0.12,194.28,636.12,960,1183.56,1282.68,1284.72,1244.04,1101.36,848.4,487.08,83.64,0,0,0,0,0,0
10,17,0,0,0,0,0,0,0,72.96,269.16,244.68,478.2,772.2,876.84,521.52,598.08,691.32,357.24,37.68,0,0,0,0,0,0
10,18,0,0,0,0,0,0,0,61.32,414.12,628.32,875.4,1072.44,1004.76,903.48,913.56,685.08,325.32,62.64,0,0,0,0,0,0
10,19,0,0,0,0,0,0,0,20.88,282.72,727.08,1025.28,996.96,1066.08,865.68,590.76,512.4,136.8,28.08,0,0,0,0,0,0
10,20,0,0,0,0,0,0,0,105.84,507.84,835.08,1030.56,1106.76,1184.52,1126.08,979.2,727.2,428.4,52.2,0,0,0,0,0,0
10,21,0,0,0,0,0,0,0,105.6,430.68,752.64,983.16,1097.64,1073.88,1023.6,867,616.56,289.44,30.36,0,0,0,0,0,0
10,22,0,0,0,0,0,0,0,36.96,253.08,771.12,993.96,1121.04,1144.56,949.32,905.28,324.24,232.2,40.2,0,0,0,0,0,0
10,23,0,0,0,0,0,0,0,118.8,523.08,848.16,1055.16,1162.68,1180.2,1072.92,930.96,619.32,330.36,33.72,0,0,0,0,0,0
10,24,0,0,0,0,0,0,0,92.16,405.36,720.36,1000.32,1011.84,1117.08,970.08,795.24,604.68,221.76,25.92,0,0,0,0,0,0
10,25,0,0,0,0,0,0,0,105,422.4,912.12,1145.04,1233.36,1250.16,1203.72,1038.96,763.44,348.6,28.2,0,0,0,0,0,0
10,26,0,0,0,0,0,0,0,32.04,154.92,434.88,1018.32,1139.64,1260.6,1018.32,915,730.2,304.56,25.44,0,0,0,0,0,0
10,27,0,0,0,0,0,0,0,91.68,486,837.24,1056.96,1143.12,1155.6,1088.04,943.56,675.6,291.12,24.84,0,0,0,0,0,0
10,28,0,0,0,0,0,0,0,24.6,173.52,818.52,907.32,1098.6,1166.76,543.12,438.48,390.72,232.2,25.44,0,0,0,0,0,0
10,29,0,0,0,0,0,0,0,66.24,397.32,668.4,900.72,1012.2,995.64,1013.04,832.8,558.36,231.6,18,0,0,0,0,0,0
10,30,0,0,0,0,0,0,0,58.08,343.44,537.72,745.8,1159.92,1211.88,1153.2,971.16,662.16,248.16,7.92,0,0,0,0,0,0
10,31,0,0,0,0,0,0,0,13.44,86.64,234.48,807.72,907.8,1098.72,1043.04,867.72,614.28,236.16,11.04,0,0,0,0,0,0
11,1,0,0,0,0,0,0,0,46.08,234.96,607.2,926.28,1026,1062.48,998.52,749.88,405.48,183.24,9.84,0,0,0,0,0,0
11,2,0,0,0,0,0,0,0,35.88,357.36,276,533.4,517.32,71.4,171.96,261.24,139.92,63.72,4.08,0,0,0,0,0,0
11,3,0,0,0,0,0,0,0,40.56,327.48,717.24,405.72,361.32,800.16,773.4,220.8,84.72,75.36,18.84,0,0,0,0,0,0
11,4,0,0,0,0,0,0,0,21.6,183.6,326.28,686.64,885.84,865.68,1063.92,911.52,642.84,196.44,13.92,0,0,0,0,0,0
11,5,0,0,0,0,0,0,0,28.8,214.08,666,887.28,1035.6,1070.28,992.76,830.52,561.12,179.88,13.08,0,0,0,0,0,0
11,6,0,0,0,0,0,0,0,30.48,156.36,280.44,658.56,645.72,182.4,128.28,159.36,160.08,50.4,2.4,0,0,0,0,0,0
11,7,0,0,0,0,0,0,0,17.52,145.2,322.44,526.68,929.04,1001.16,1008.6,875.04,620.88,227.4,11.88,0,0,0,0,0,0
11,8,0,0,0,0,0,0,0,31.56,450.24,501.48,1074.6,1032.96,1190.64,1136.04,898.92,635.28,177.48,14.28,0,0,0,0,0,0
11,9,0,0,0,0,0,0,0,1.92,25.32,67.32,75.84,61.2,62.28,73.08,111.96,36.24,3.36,0,0,0,0,0,0,0
11,10,0,0,0,0,0,0,0,15.72,187.2,742.32,1015.08,1181.88,1237.44,1049.88,837.12,429,101.52,6.24,0,0,0,0,0,0
11,11,0,0,0,0,0,0,0,40.8,427.56,851.4,1071.6,1167.72,848.88,591.36,315,216.36,166.68,6.48,0,0,0,0,0,0
11,12,0,0,0,0,0,0,0,30,410.4,849.48,368.52,767.16,1116.72,606.84,356.16,181.44,82.08,3.72,0,0,0,0,0,0
11,13,0,0,0,0,0,0,0,17.76,282.96,797.76,1131,1251.48,1264.2,1180.8,1023.48,587.88,141.72,7.32,0,0,0,0,0,0
11,14,0,0,0,0,0,0,0,18.84,94.44,376.32,473.52,458.4,555.72,340.32,207.36,50.04,21.6,0,0,0,0,0,0,0
11,15,0,0,0,0,0,0,0,15.84,185.88,553.92,843.36,565.08,813.48,978.72,877.2,188.16,75.96,5.76,0,0,0,0,0,0
11,16,0,0,0,0,0,0,0,13.08,142.08,616.32,840.6,869.28,1041.72,936.48,688.68,208.32,77.64,5.04,0,0,0,0,0,0
11,17,0,0,0,0,0,0,0,18.24,214.2,386.52,932.28,966.12,666.36,599.76,372.72,73.92,44.4,4.68,0,0,0,0,0,0
11,18,0,0,0,0,0,0,0,11.28,224.4,346.08,68.76,697.2,693,1136.52,455.52,205.8,30.12,0,0,0,0,0,0,0
11,19,0,0,0,0,0,0,0,16.8,95.04,123.6,208.2,257.88,341.88,245.64,391.08,373.2,57.24,2.28,0,0,0,0,0,0
11,20,0,0,0,0,0,0,0,18.84,182.16,576.84,589.92,696.24,694.08,820.32,891.24,507.48,60.12,2.64,0,0,0,0,0,0
11,21,0,0,0,0,0,0,0,14.4,152.04,460.8,983.64,651.84,512.76,530.16,516.96,295.68,60.12,2.88,0,0,0,0,0,0
11,22,0,0,0,0,0,0,0,12.96,153.36,608.28,1042.08,1165.92,1253.52,1162.68,899.88,382.68,70.8,4.08,0,0,0,0,0,0
11,23,0,0,0,0,0,0,0,13.68,151.08,455.04,713.16,661.8,815.4,535.56,436.56,318.6,79.32,6.36,0,0,0,0,0,0
11,24,0,0,0,0,0,0,0,3.36,87.6,215.4,379.44,199.68,455.88,306.72,99.48,40.68,9.12,0,0,0,0,0,0,0
11,25,0,0,0,0,0,0,0,0.6,14.28,100.44,165.48,679.44,360.36,862.44,325.56,108.36,24.96,0,0,0,0,0,0,0
11,26,0,0,0,0,0,0,0,9.36,99.96,523.68,689.88,750.96,878.52,1020.6,398.04,303.72,63.12,3.96,0,0,0,0,0,0
11,27,0,0,0,0,0,0,0,0,15.6,57.96,178.8,231.12,61.08,207.6,214.32,105.6,37.32,1.68,0,0,0,0,0,0
11,28,0,0,0,0,0,0,0,0,58.68,554.4,544.92,350.28,377.4,493.56,599.52,139.56,42.24,0.96,0,0,0,0,0,0
11,29,0,0,0,0,0,0,0,0,65.4,84,329.88,95.88,358.68,448.08,179.04,255.36,43.8,1.68,0,0,0,0,0,0
11,30,0,0,0,0,0,0,0,4.08,84.96,110.76,141.48,494.28,689.28,576.36,424.44,162.12,63,3.48,0,0,0,0,0,0
12,1,0,0,0,0,0,0,0,2.28,94.8,337.2,571.44,619.8,481.44,662.4,565.92,448.08,73.44,4.08,0,0,0,0,0,0
12,2,0,0,0,0,0,0,0,6.48,117.24,497.04,890.04,1247.52,1258.44,1244.16,775.68,413.88,40.92,2.28,0,0,0,0,0,0
12,3,0,0,0,0,0,0,0,7.56,94.92,419.64,630.12,925.56,971.28,929.16,592.56,335.76,71.52,2.76,0,0,0,0,0,0
12,4,0,0,0,0,0,0,0,3.72,84.36,234.24,538.8,843.24,724.44,755.28,476.16,216.24,65.88,2.76,0,0,0,0,0,0
12,5,0,0,0,0,0,0,0,0,37.92,100.32,180.84,398.88,408.6,282.24,172.56,151.44,61.8,1.92,0,0,0,0,0,0
12,6,0,0,0,0,0,0,0,1.8,50.4,541.32,823.44,1225.08,1297.2,1228.8,724.92,411.96,28.92,2.04,0,0,0,0,0,0
12,7,0,0,0,0,0,0,0,4.08,60.24,443.76,762.6,1191,1260.36,1153.56,666,402.96,46.92,2.4,0,0,0,0,0,0
12,8,0,0,0,0,0,0,0,4.2,63.48,428.16,745.56,1160.28,1232.4,1119.48,607.68,268.8,39.48,1.2,0,0,0,0,0,0
12,9,0,0,0,0,0,0,0,0.24,26.28,76.56,158.4,140.4,56.4,82.32,45,44.04,0.84,0,0,0,0,0,0,0
12,10,0,0,0,0,0,0,0,0,26.16,93.96,283.32,277.08,684,684.48,186.96,113.16,32.52,,,,,,,0
12,11,0,0,0,0,0,0,0,0.36,69.48,147.36,251.76,93.48,397.44,475.8,134.76,87.84,35.88,1.08,0,0,0,0,0,0
12,12,0,0,0,0,0,0,0,1.56,41.28,401.88,719.28,1140.36,1185,1179.48,534.12,177.84,32.04,0,0,0,0,0,0,0
12,13,0,0,0,0,0,0,0,2.64,78.24,271.92,598.2,572.52,796.92,828.6,580.56,314.64,26.52,0.48,0,0,0,0,0,0
12,14,0,0,0,0,0,0,0,0.84,53.76,273.96,467.28,834.72,1067.4,928.08,516.48,270.84,61.56,2.28,0,0,0,0,0,0
12,15,0,0,0,0,0,0,0,2.16,63.24,325.8,662.76,991.32,1125.72,1157.52,646.44,397.44,58.44,2.4,0,0,0,0,0,0
12,16,0,0,0,0,0,0,0,0.72,49.44,109.92,162.12,196.2,156.24,182.52,183.72,82.8,30.84,0.12,0,0,0,0,0,0
12,17,0,0,0,0,0,0,0,0,27.6,77.64,176.76,250.2,394.56,210.96,128.88,80.04,22.56,0,0,0,0,0,0,0
12,18,0,0,0,0,0,0,0,0.12,47.76,267.36,420.6,1034.52,1204.8,1072.32,592.44,403.56,62.64,1.56,0,0,0,0,0,0
12,19,0,0,0,0,0,0,0,0.12,29.04,172.2,395.88,349.68,388.56,373.32,194.76,96.48,14.28,1.68,0,0,0,0,0,0
12,20,0,0,0,0,0,0,0,0,1.92,70.8,159.36,310.68,174.96,224.88,177.84,232.32,64.08,2.04,0,0,0,0,0,0
12,21,0,0,0,0,0,0,0,0,57.24,318.24,606.48,883.32,1058.88,882.12,542.88,274.2,81.48,3.96,0,0,0,0,0,0
12,22,0,0,0,0,0,0,0,0.72,46.8,121.08,253.8,559.8,589.44,522.84,380.28,180.48,57,0,0,0,0,0,0,0
12,23,0,0,0,0,0,0,0,0,27.48,126.48,156.24,489.48,440.28,245.52,226.32,150,41.28,1.8,0,0,0,0,0,0
12,24,0,0,0,0,0,0,0,1.44,73.56,361.2,750.12,704.16,1122.84,1115.64,648.48,421.68,57.12,5.4,0,0,0,0,0,0
12,25,0,0,0,0,0,0,0,0.6,59.88,312.48,432.48,265.8,609.36,183.24,136.2,74.64,23.28,0,0,0,0,0,0,0
12,26,0,0,0,0,0,0,0,0,15.24,52.56,118.32,168.24,210.96,273.36,157.92,106.08,28.56,0,0,0,0,0,0,0
12,27,0,0,0,0,0,0,0,0,35.4,89.4,183.96,309.72,633.48,418.32,295.32,209.76,49.44,6.6,0,0,0,0,0,0
12,28,0,0,0,0,0,0,0,0.24,69.48,260.28,409.44,267.48,481.32,532.92,397.08,136.92,60.96,4.56,0,0,0,0,0,0
12,29,0,0,0,0,0,0,0,0,3.24,40.68,287.64,609.84,1208.76,1228.2,708.96,266.64,75.36,3.96,0,0,0,0,0,0
12,30,0,0,0,0,0,0,0,0,66,242.52,287.52,423.72,209.4,405.12,391.92,184.44,90.84,4.44,0,0,0,0,0,0
12,31,0,0,0,0,0,0,0,0.24,61.56,274.44,618.84,822.36,944.52,899.52,561.6,384.72,81.84,7.32,0,0,0,0,0,0
