년월일,호기,구분,총량,평균,최대,최소,최대(시간별),최소(시간별),1,2,3,4,5,6,7,8,9,10,11,12,13,14,15,16,17,18,19,20,21,22,23,24
2018.01.01,1,발전량,7.646,0.319,1.295,0,1.295,0.004,0,0,0,0,0,0,0,0,0.18,0.667,1.022,1.22,1.295,1.244,1.057,0.699,0.258,0.004,0,0,0,0,0,0
2018.01.02,1,발전량,4.62,0.192,0.892,0,0.892,0.003,0,0,0,0,0,0,0,0,0.126,0.521,0.892,0.799,0.591,0.612,0.556,0.39,0.129,0.003,0,0,0,0,0,0
2018.01.03,1,발전량,7.761,0.323,1.276,0,1.276,0.005,0,0,0,0,0,0,0,0,0.192,0.674,1.001,1.196,1.276,1.243,1.09,0.778,0.305,0.005,0,0,0,0,0,0
2018.01.04,1,발전량,6.202,0.258,1.194,0,1.194,0.001,0,0,0,0,0,0,0,0,0.167,0.562,0.754,1.061,1.194,1.136,0.795,0.421,0.113,0.001,0,0,0,0,0,0
2018.01.05,1,발전량,6.948,0.289,1.242,0,1.242,0.005,0,0,0,0,0,0,0,0,0.067,0.422,0.835,1.152,1.242,1.198,1.033,0.715,0.278,0.005,0,0,0,0,0,0
2018.01.06,1,발전량,7.791,0.325,1.285,0,1.285,0.011,0,0,0,0,0,0,0,0,0.19,0.677,1.009,1.202,1.285,1.24,1.078,0.773,0.326,0.011,0,0,0,0,0,0
2018.01.07,1,발전량,3.082,0.128,0.666,0,0.666,0.002,0,0,0,0,0,0,0,0,0.147,0.598,0.666,0.465,0.366,0.263,0.306,0.203,0.065,0.002,0,0,0,0,0,0
2018.01.08,1,발전량,1.048,0.044,0.439,0,0.439,0,0,0,0,0,0,0,0,0,0,0,0.01,0.035,0.163,0.259,0.439,0.118,0.024,0,0,0,0,0,0,0
2018.01.09,1,발전량,5.124,0.214,1.058,0,1.058,0.001,0,0,0,0,0,0,0,0,0.045,0.386,0.699,0.9,1.058,0.951,0.669,0.32,0.094,0.001,0,0,0,0,0,0
2018.01.10,1,발전량,3.138,0.131,0.635,0,0.635,0.004,0,0,0,0,0,0,0,0,0,0.153,0.341,0.513,0.635,0.565,0.515,0.265,0.147,0.004,0,0,0,0,0,0
2018.01.11,1,발전량,5.615,0.234,0.96,0,0.96,0.013,0,0,0,0,0,0,0,0,0.125,0.42,0.656,0.828,0.949,0.96,0.839,0.588,0.238,0.013,0,0,0,0,0,0
2018.01.12,1,발전량,6.501,0.271,1.074,0,1.074,0.02,0,0,0,0,0,0,0,0,0.153,0.499,0.769,0.946,1.045,1.074,0.954,0.708,0.332,0.02,0,0,0,0,0,0
2018.01.13,1,발전량,1.985,0.083,0.474,0,0.474,0.01,0,0,0,0,0,0,0,0,0.07,0.282,0.463,0.474,0.317,0.195,0.13,0.044,0.01,0,0,0,0,0,0,0
2018.01.14,1,발전량,6.45,0.269,1.204,0,1.204,0.021,0,0,0,0,0,0,0,0,0.031,0.164,0.645,1.026,1.157,1.204,1.067,0.782,0.354,0.021,0,0,0,0,0,0
2018.01.15,1,발전량,6.371,0.265,1.267,0,1.267,0.032,0,0,0,0,0,0,0,0,0.087,0.385,0.674,0.9,1.267,1.157,0.853,0.652,0.364,0.032,0,0,0,0,0,0
2018.01.16,1,발전량,2.312,0.096,0.586,0,0.586,0.021,0,0,0,0,0,0,0,0,0.084,0.268,0.273,0.586,0.465,0.313,0.21,0.092,0.021,0,0,0,0,0,0,0
2018.01.17,1,발전량,1.403,0.058,0.494,0,0.494,0.001,0,0,0,0,0,0,0,0,0.001,0.032,0.14,0.494,0.416,0.155,0.1,0.036,0.02,0.01,0,0,0,0,0,0
2018.01.18,1,발전량,3.785,0.158,0.783,0,0.783,0.007,0,0,0,0,0,0,0,0,0.048,0.231,0.378,0.474,0.674,0.783,0.512,0.539,0.139,0.007,0,0,0,0,0,0
2018.01.19,1,발전량,6.727,0.28,1.098,0,1.098,0.032,0,0,0,0,0,0,0,0,0.186,0.577,0.759,0.973,1.048,1.098,0.996,0.723,0.337,0.032,0,0,0,0,0,0
2018.01.20,1,발전량,4.954,0.206,0.82,0,0.82,0.031,0,0,0,0,0,0,0,0,0.097,0.208,0.602,0.756,0.694,0.701,0.82,0.739,0.305,0.031,0,0,0,0,0,0
2018.01.21,1,발전량,6.561,0.273,1.147,0,1.147,0.015,0,0,0,0,0,0,0,0,0.156,0.572,0.9,1.085,1.147,1.079,0.875,0.56,0.172,0.015,0,0,0,0,0,0
2018.01.22,1,발전량,2.877,0.12,0.532,0,0.532,0.007,0,0,0,0,0,0,0,0,0.074,0.3,0.42,0.475,0.397,0.532,0.257,0.27,0.145,0.007,0,0,0,0,0,0
2018.01.23,1,발전량,4.195,0.175,0.752,0,0.752,0.036,0,0,0,0,0,0,0,0,0.065,0.172,0.403,0.539,0.682,0.752,0.699,0.548,0.299,0.036,0,0,0,0,0,0
2018.01.24,1,발전량,4.675,0.195,1.273,0,1.273,0.055,0,0,0,0,0,0,0,0,0.204,0.611,0.937,1.156,1.273,0,0,0,0.439,0.055,0,0,0,0,0,0
2018.01.25,1,발전량,8.278,0.345,1.367,0,1.367,0,0,0,0,0,0,0,0,0,0.181,0.522,0.991,1.225,1.367,1.358,1.229,0.938,0.435,0.032,0,0,0,0,0,0
2018.01.26,1,발전량,9.278,0.387,1.466,0,1.466,0.073,0,0,0,0,0,0,0,0,0.264,0.767,1.148,1.376,1.466,1.423,1.266,0.969,0.527,0.073,0,0,0,0,0,0
2018.01.27,1,발전량,3.093,0.129,1.083,0,1.083,0,0,0,0,0,0,0,0,0,0.252,0.735,1.083,1.023,0,0,0,0,0,0,0,0,0,0,0,0
2018.01.28,1,발전량,0,0,0,0,0,0,0,0,0,0,0,0,0,0,0,0,0,0,0,0,0,0,0,0,0,0,0,0,0,0
2018.01.29,1,발전량,1.471,0.061,0.892,0,0.892,0.073,0,0,0,0,0,0,0,0,0,0,0,0,0,0,0,0.892,0.506,0.073,0,0,0,0,0,0
2018.01.30,1,발전량,8.671,0.361,1.395,0,1.395,0.001,0,0,0,0,0,0,0,0.001,0.268,0.753,1.105,1.298,1.395,1.369,1.189,0.794,0.464,0.035,0,0,0,0,0,0
2018.01.31,1,발전량,5.092,0.212,1.006,0,1.006,0.02,0,0,0,0,0,0,0,0,0.115,0.503,1.006,0.802,0.709,0.856,0.647,0.267,0.166,0.02,0,0,0,0,0,0
2018.02.01,1,발전량,9.028,0.376,1.389,0,1.389,0.001,0,0,0,0,0,0,0,0.001,0.276,0.764,1.114,1.3,1.389,1.362,1.215,0.954,0.552,0.099,0,0,0,0,0,0
2018.02.02,1,발전량,8.429,0.351,1.321,0,1.321,0.002,0,0,0,0,0,0,0,0.002,0.242,0.74,1.058,1.249,1.262,1.321,1.169,0.881,0.416,0.088,0,0,0,0,0,0
2018.02.03,1,발전량,8.588,0.358,1.475,0,1.475,0.044,0,0,0,0,0,0,0,0,0.044,0.347,0.89,1.381,1.475,1.437,1.29,1.021,0.594,0.109,0,0,0,0,0,0
2018.02.04,1,발전량,9.503,0.396,1.478,0,1.478,0.003,0,0,0,0,0,0,0,0.003,0.292,0.782,1.155,1.39,1.478,1.438,1.286,1.004,0.564,0.111,0,0,0,0,0,0
2018.02.05,1,발전량,9.702,0.404,1.491,0,1.491,0.004,0,0,0,0,0,0,0,0.004,0.306,0.796,1.173,1.41,1.491,1.471,1.323,1.045,0.585,0.097,0,0,0,0,0,0
2018.02.06,1,발전량,9.704,0.404,1.492,0,1.492,0.005,0,0,0,0,0,0,0,0.005,0.31,0.802,1.17,1.407,1.492,1.455,1.317,1.025,0.596,0.124,0,0,0,0,0,0
2018.02.07,1,발전량,9.471,0.395,1.425,0,1.425,0.006,0,0,0,0,0,0,0,0.006,0.324,0.796,1.137,1.34,1.42,1.425,1.291,1.014,0.593,0.124,0,0,0,0,0,0
2018.02.08,1,발전량,8.418,0.351,1.333,0,1.333,0.002,0,0,0,0,0,0,0,0.002,0.205,0.644,1.001,1.229,1.333,1.318,1.169,0.9,0.51,0.108,0,0,0,0,0,0
2018.02.09,1,발전량,7.031,0.293,1.287,0,1.287,0.032,0,0,0,0,0,0,0,0,0.032,0.35,0.685,1.029,1.155,1.287,1.156,0.86,0.418,0.059,0,0,0,0,0,0
2018.02.10,1,발전량,4.761,0.198,1.031,0,1.031,0,0,0,0,0,0,0,0,0,0.101,0.127,0.346,0.525,1.031,0.799,0.716,0.67,0.343,0.104,0,0,0,0,0,0
2018.02.11,1,발전량,7.45,0.31,1.477,0,1.477,0.015,0,0,0,0,0,0,0,0.015,0.31,0.608,0.895,1.278,1.477,1.398,0.608,0.588,0.231,0.042,0,0,0,0,0,0
2018.02.12,1,발전량,6.168,0.257,1.22,0,1.22,0.007,0,0,0,0,0,0,0,0.007,0.213,0.565,0.912,1.22,0.961,0.856,0.744,0.47,0.193,0.026,0,0,0,0,0,0
2018.02.13,1,발전량,9.121,0.38,1.492,0,1.492,0.004,0,0,0,0,0,0,0,0.004,0.147,0.449,1.117,1.388,1.492,1.455,1.295,1.02,0.608,0.146,0,0,0,0,0,0
2018.02.14,1,발전량,6.516,0.271,1.233,0,1.233,0.011,0,0,0,0,0,0,0,0.011,0.214,0.595,0.952,1.125,1.233,0.744,0.751,0.619,0.221,0.051,0,0,0,0,0,0
2018.02.15,1,발전량,8.876,0.37,1.411,0,1.411,0,0,0,0,0,0,0,0,0.003,0.257,0.791,1.078,1.256,1.411,1.361,1.14,0.908,0.547,0.123,0,0,0,0,0,0
2018.02.16,1,발전량,8.469,0.353,1.289,0,1.289,0.001,0,0,0,0,0,0,0,0.019,0.256,0.793,1.054,1.232,1.289,1.1,1.188,0.919,0.512,0.109,0.001,0,0,0,0,0
2018.02.17,1,발전량,10.274,0.428,1.554,0,1.554,0.025,0,0,0,0,0,0,0,0.025,0.411,0.893,1.243,1.457,1.554,1.507,1.343,1.075,0.644,0.122,0,0,0,0,0,0
2018.02.18,1,발전량,5.995,0.25,0.91,0,0.91,0.012,0,0,0,0,0,0,0,0.012,0.224,0.631,0.861,0.803,0.91,0.806,0.786,0.593,0.287,0.081,0,0,0,0,0,0
2018.02.19,1,발전량,7.229,0.301,1.264,0,1.264,0.014,0,0,0,0,0,0,0,0.014,0.341,0.744,1.011,1.156,1.264,1.001,0.677,0.574,0.361,0.087,0,0,0,0,0,0
2018.02.20,1,발전량,7.981,0.333,1.353,0,1.353,0.015,0,0,0,0,0,0,0,0.015,0.281,0.746,1.043,1.273,1.353,1.155,1.049,0.68,0.319,0.067,0,0,0,0,0,0
2018.02.21,1,발전량,8.159,0.34,1.36,0,1.36,0.001,0,0,0,0,0,0,0,0.014,0.321,0.732,0.955,1.244,1.358,1.36,0.98,0.651,0.406,0.135,0.001,0,0,0,0,0
2018.02.22,1,발전량,8.213,0.342,1.387,0,1.387,0.001,0,0,0,0,0,0,0,0.018,0.366,0.834,1.161,1.387,0.92,1.118,1.221,0.471,0.627,0.088,0.001,0,0,0,0,0
2018.02.23,1,발전량,4.715,0.196,1.213,0,1.213,0.012,0,0,0,0,0,0,0,0,0.024,0.113,0.393,0.571,1.213,0.788,0.92,0.541,0.142,0.012,0,0,0,0,0,0
2018.02.24,1,발전량,8.004,0.334,1.342,0,1.342,0,0,0,0,0,0,0,0,0,0.18,0.71,1.023,1.179,1.245,1.342,1.157,0.652,0.32,0.193,0.002,0,0,0,0,0
2018.02.25,1,발전량,5.504,0.229,1.103,0,1.103,0.001,0,0,0,0,0,0,0,0.001,0.038,0.151,0.372,1.103,1.067,0.948,0.628,0.503,0.511,0.181,0.002,0,0,0,0,0
2018.02.26,1,발전량,10.091,0.42,1.466,0,1.466,0.003,0,0,0,0,0,0,0,0.048,0.447,0.891,1.197,1.383,1.466,1.418,1.291,1.046,0.683,0.218,0.003,0,0,0,0,0
2018.02.27,1,발전량,7.521,0.313,1.331,0,1.331,0.002,0,0,0,0,0,0,0,0.041,0.384,0.83,1.085,1.331,0.921,1.003,0.919,0.598,0.305,0.103,0.002,0,0,0,0,0
2018.02.28,1,발전량,0.235,0.01,0.062,0,0.062,0.001,0,0,0,0,0,0,0,0.002,0.031,0.025,0.037,0.021,0.062,0.018,0.037,0.001,0,0,0,0,0,0,0,0
2018.03.01,1,발전량,7.295,0.304,1.307,0,1.307,0.003,0,0,0,0,0,0,0,0,0.003,0.152,0.456,0.876,1.188,1.307,1.291,1.086,0.71,0.222,0.005,0,0,0,0,0
2018.03.02,1,발전량,10.414,0.434,1.492,0,1.492,0.005,0,0,0,0,0,0,0,0.062,0.473,0.905,1.216,1.407,1.492,1.467,1.331,1.071,0.726,0.259,0.005,0,0,0,0,0
2018.03.03,1,발전량,9.709,0.405,1.423,0,1.423,0.005,0,0,0,0,0,0,0,0.053,0.426,0.87,1.175,1.357,1.423,1.388,1.253,0.885,0.653,0.222,0.005,0,0,0,0,0
2018.03.04,1,발전량,6.922,0.288,1.369,0,1.369,0.03,0,0,0,0,0,0,0,0,0.043,0.156,0.907,1.336,1.369,0.939,0.793,0.891,0.456,0.03,0,0,0,0,0,0
2018.03.05,1,발전량,1.674,0.07,0.499,0,0.499,0.004,0,0,0,0,0,0,0,0,0.025,0.048,0.062,0.195,0.207,0.499,0.383,0.141,0.109,0.004,0,0,0,0,0,0
2018.03.06,1,발전량,8.607,0.359,1.532,0,1.532,0.009,0,0,0,0,0,0,0,0.023,0.255,0.737,1.102,1.532,1.242,0.531,1.119,1.105,0.696,0.258,0.009,0,0,0,0,0
2018.03.07,1,발전량,1.851,0.077,0.538,0,0.538,0.001,0,0,0,0,0,0,0,0.015,0.14,0.22,0.289,0.538,0.301,0.195,0.081,0.05,0.02,0.001,0,0,0,0,0,0
2018.03.08,1,발전량,0.022,0.001,0.011,0,0.011,0,0,0,0,0,0,0,0,0,0,0,0,0,0,0,0.009,0.011,0.001,0,0,0,0,0,0,0
2018.03.09,1,발전량,0.712,0.03,0.149,0,0.149,0.003,0,0,0,0,0,0,0,0.007,0.032,0.052,0.035,0.056,0.113,0.077,0.12,0.149,0.069,0.003,0,0,0,0,0,0
2018.03.10,1,발전량,8.325,0.347,1.436,0,1.436,0.011,0,0,0,0,0,0,0,0.036,0.161,0.465,0.625,0.985,1.22,1.436,1.341,1.084,0.702,0.26,0.011,0,0,0,0,0
2018.03.11,1,발전량,10.083,0.42,1.498,0,1.498,0.012,0,0,0,0,0,0,0,0.103,0.482,0.889,1.014,1.261,1.468,1.498,1.351,1.074,0.692,0.24,0.012,0,0,0,0,0
2018.03.12,1,발전량,10.089,0.42,1.442,0,1.442,0.013,0,0,0,0,0,0,0,0.096,0.51,0.925,1.204,1.387,1.442,1.389,1.247,0.991,0.648,0.237,0.013,0,0,0,0,0
2018.03.13,1,발전량,10.32,0.43,1.464,0,1.464,0.013,0,0,0,0,0,0,0,0.096,0.542,0.953,1.233,1.399,1.464,1.436,1.279,1.027,0.646,0.233,0.013,0,0,0,0,0
2018.03.14,1,발전량,9.988,0.416,1.415,0,1.415,0.009,0,0,0,0,0,0,0,0.093,0.473,0.889,1.168,1.34,1.415,1.391,1.257,1.02,0.702,0.232,0.009,0,0,0,0,0
2018.03.15,1,발전량,0.385,0.016,0.088,0,0.088,0.001,0,0,0,0,0,0,0,0.001,0.03,0.021,0.01,0.029,0.026,0.048,0.088,0.043,0.048,0.037,0.004,0,0,0,0,0
2018.03.16,1,발전량,3.388,0.141,0.572,0,0.572,0.015,0,0,0,0,0,0,0,0.017,0.072,0.191,0.383,0.564,0.572,0.482,0.365,0.301,0.279,0.148,0.015,0,0,0,0,0
2018.03.17,1,발전량,10.861,0.453,1.486,0,1.486,0.015,0,0,0,0,0,0,0,0.151,0.594,0.999,1.286,1.375,1.486,1.479,1.346,1.118,0.745,0.268,0.015,0,0,0,0,0
2018.03.18,1,발전량,4.568,0.19,0.758,0,0.758,0.003,0,0,0,0,0,0,0,0.101,0.314,0.519,0.446,0.675,0.758,0.606,0.446,0.313,0.288,0.099,0.003,0,0,0,0,0
2018.03.19,1,발전량,0.698,0.029,0.158,0,0.158,0.005,0,0,0,0,0,0,0,0,0.012,0.027,0.158,0.154,0.053,0.1,0.068,0.068,0.053,0.005,0,0,0,0,0,0
2018.03.20,1,발전량,8.235,0.343,1.458,0,1.458,0.006,0,0,0,0,0,0,0,0.05,0.224,0.421,0.918,1.423,1.342,1.458,1.197,0.615,0.408,0.171,0.006,0,0,0,0,0
2018.03.21,1,발전량,2.253,0.094,0.525,0,0.525,0,0,0,0,0,0,0,0,0.009,0.045,0.08,0.525,0.397,0.457,0.38,0.225,0.112,0.024,0,0,0,0,0,0,0
2018.03.22,1,발전량,9.035,0.376,1.58,0,1.58,0.002,0,0,0,0,0,0,0,0.002,0.038,0.096,0.667,1.511,1.58,1.541,1.392,1.146,0.752,0.287,0.022,0,0,0,0,0
2018.03.23,1,발전량,10.908,0.454,1.482,0,1.482,0.001,0,0,0,0,0,0,0.001,0.16,0.589,0.988,1.268,1.427,1.482,1.46,1.339,1.116,0.747,0.31,0.021,0,0,0,0,0
2018.03.24,1,발전량,8.927,0.372,1.421,0,1.421,0.001,0,0,0,0,0,0,0.001,0.136,0.433,0.787,1.183,1.365,1.421,1.294,0.637,0.86,0.599,0.199,0.014,0,0,0,0,0
2018.03.25,1,발전량,11.287,0.47,1.543,0,1.543,0.001,0,0,0,0,0,0,0.001,0.184,0.642,1.052,1.339,1.484,1.543,1.495,1.353,1.112,0.748,0.306,0.028,0,0,0,0,0
2018.03.26,1,발전량,10.949,0.456,1.495,0,1.495,0.002,0,0,0,0,0,0,0.002,0.183,0.619,1.012,1.281,1.435,1.495,1.471,1.334,1.077,0.744,0.274,0.022,0,0,0,0,0
2018.03.27,1,발전량,10.256,0.427,1.444,0,1.444,0.003,0,0,0,0,0,0,0.003,0.179,0.605,0.987,1.248,1.379,1.444,1.403,1.213,0.941,0.603,0.224,0.026,0,0,0,0,0
2018.03.28,1,발전량,10.244,0.427,1.44,0,1.44,0.005,0,0,0,0,0,0,0.005,0.185,0.613,0.983,1.229,1.383,1.44,1.392,1.2,0.954,0.606,0.213,0.04,0,0,0,0,0
2018.03.29,1,발전량,6.845,0.285,1.033,0,1.033,0.001,0,0,0,0,0,0,0.001,0.128,0.33,0.647,0.78,0.892,1.033,1.02,0.874,0.584,0.377,0.151,0.027,0,0,0,0,0
2018.03.30,1,발전량,9.629,0.401,1.39,0,1.39,0.003,0,0,0,0,0,0,0.003,0.118,0.329,0.684,1.155,1.39,1.384,1.327,1.206,1.032,0.68,0.287,0.033,0,0,0,0,0
2018.03.31,1,발전량,9.644,0.402,1.355,0,1.355,0.006,0,0,0,0,0,0,0.006,0.17,0.498,0.848,1.13,1.304,1.355,1.29,1.18,0.949,0.615,0.267,0.032,0,0,0,0,0
2018.04.01,1,발전량,4.78,0.199,0.776,0,0.776,0.005,0,0,0,0,0,0,0.005,0.111,0.31,0.424,0.545,0.745,0.776,0.473,0.588,0.44,0.184,0.156,0.022,0,0,0,0,0
2018.04.02,1,발전량,10.319,0.43,1.409,0,1.409,0.01,0,0,0,0,0,0,0.01,0.203,0.581,0.931,1.174,1.325,1.384,1.409,1.231,1.033,0.698,0.303,0.036,0,0,0,0,0
2018.04.03,1,발전량,8.414,0.351,1.328,0,1.328,0.007,0,0,0,0,0,0,0.007,0.1,0.493,0.72,0.716,0.986,1.301,1.328,1.064,0.895,0.482,0.286,0.036,0,0,0,0,0
2018.04.04,1,발전량,1.095,0.046,0.206,0,0.206,0.001,0,0,0,0,0,0,0,0,0.001,0.045,0.143,0.206,0.158,0.158,0.189,0.131,0.057,0.008,0,0,0,0,0,0
2018.04.05,1,발전량,0.676,0.028,0.113,0,0.113,0.001,0,0,0,0,0,0,0,0.004,0.033,0.058,0.079,0.1,0.113,0.103,0.069,0.075,0.042,0.001,0,0,0,0,0,0
2018.04.06,1,발전량,7.957,0.332,1.535,0,1.535,0.017,0,0,0,0,0,0,0,0.045,0.162,0.2,0.402,1.057,1.535,1.529,1.339,1.127,0.438,0.106,0.017,0,0,0,0,0
2018.04.07,1,발전량,6.931,0.289,1.197,0,1.197,0.031,0,0,0,0,0,0,0,0.031,0.094,0.402,0.773,0.567,0.847,1.092,1.197,0.954,0.536,0.392,0.046,0,0,0,0,0
2018.04.08,1,발전량,9.077,0.378,1.378,0,1.378,0.004,0,0,0,0,0,0,0.018,0.307,0.741,1.103,1.313,1.378,1.066,1.113,0.945,0.587,0.376,0.126,0.004,0,0,0,0,0
2018.04.09,1,발전량,11.656,0.486,1.536,0,1.536,0.019,0,0,0,0,0,0,0.019,0.309,0.731,1.113,1.355,1.453,1.536,1.471,1.39,1.116,0.765,0.347,0.051,0,0,0,0,0
2018.04.10,1,발전량,9.839,0.41,1.489,0,1.489,0.014,0,0,0,0,0,0,0.023,0.275,0.649,0.982,1.298,1.436,1.489,1.167,1.076,0.571,0.68,0.179,0.014,0,0,0,0,0
2018.04.11,1,발전량,11.928,0.497,1.595,0,1.595,0.024,0,0,0,0,0,0,0.024,0.285,0.68,1.084,1.36,1.537,1.595,1.538,1.39,1.16,0.83,0.399,0.047,0,0,0,0,0
2018.04.12,1,발전량,11.651,0.485,1.523,0,1.523,0.025,0,0,0,0,0,0,0.025,0.295,0.732,1.087,1.33,1.479,1.523,1.485,1.363,1.132,0.789,0.369,0.041,0,0,0,0,0
2018.04.13,1,발전량,8.186,0.341,1.362,0,1.362,0.027,0,0,0,0,0,0,0.039,0.347,0.664,0.915,1.068,1.3,1.362,1.024,0.581,0.445,0.251,0.164,0.027,0,0,0,0,0
2018.04.14,1,발전량,1.11,0.046,0.219,0,0.219,0.007,0,0,0,0,0,0,0,0.007,0.013,0.039,0.056,0.145,0.209,0.187,0.219,0.146,0.072,0.017,0,0,0,0,0,0
2018.04.15,1,발전량,9.112,0.38,1.391,0,1.391,0.035,0,0,0,0,0,0,0.035,0.231,0.459,0.592,1.083,1.391,1.361,1.364,1.216,0.567,0.482,0.264,0.066,0,0,0,0,0
2018.04.16,1,발전량,9.813,0.409,1.149,0,1.149,0.039,0,0,0,0,0,0,0.039,0.328,0.742,1.117,0.963,1.141,0.952,1.149,1.139,1.067,0.754,0.349,0.073,0,0,0,0,0
2018.04.17,1,발전량,10.507,0.438,1.448,0,1.448,0.027,0,0,0,0,0,0,0.027,0.213,0.704,1.05,1.163,1.061,1.411,1.448,1.274,0.987,0.788,0.317,0.065,0,0,0,0,0
2018.04.18,1,발전량,11.67,0.486,1.482,0,1.482,0.039,0,0,0,0,0,0,0.039,0.343,0.774,1.115,1.333,1.469,1.482,1.433,1.338,1.121,0.784,0.379,0.061,0,0,0,0,0
2018.04.19,1,발전량,11.38,0.474,1.496,0,1.496,0.04,0,0,0,0,0,0,0.04,0.329,0.739,1.08,1.297,1.442,1.496,1.461,1.29,1.07,0.731,0.349,0.056,0,0,0,0,0
2018.04.20,1,발전량,10.896,0.454,1.41,0,1.41,0.045,0,0,0,0,0,0,0.045,0.318,0.702,1.032,1.258,1.379,1.41,1.366,1.235,1.016,0.725,0.347,0.061,0,0,0,0,0
2018.04.21,1,발전량,10.917,0.455,1.419,0,1.419,0,0,0,0,0,0,0,0.044,0.333,0.735,1.059,1.273,1.387,1.419,1.372,1.224,1.046,0.667,0.279,0.079,0,0,0,0,0
2018.04.22,1,발전량,4.31,0.18,0.727,0,0.727,0.003,0,0,0,0,0,0,0.092,0.366,0.505,0.565,0.727,0.456,0.485,0.483,0.257,0.143,0.15,0.078,0.003,0,0,0,0,0
2018.04.23,1,발전량,1.986,0.083,0.541,0,0.541,0,0,0,0,0,0,0,0,0.004,0.044,0.112,0.137,0.235,0.396,0.541,0.24,0.132,0.103,0.043,0,0,0,0,0,0
2018.04.24,1,발전량,2.824,0.118,0.614,0,0.614,0.028,0,0,0,0,0,0,0,0.028,0.064,0.183,0.245,0.343,0.473,0.614,0.469,0.214,0.056,0.101,0.034,0,0,0,0,0
2018.04.25,1,발전량,11.714,0.488,1.497,0,1.497,0.059,0,0,0,0,0,0,0.059,0.385,0.797,1.115,1.328,1.458,1.497,1.443,1.312,1.093,0.775,0.38,0.073,0,0,0,0,0
2018.04.26,1,발전량,10.052,0.419,1.4,0,1.4,0,0,0,0,0,0,0,0.056,0.359,0.754,1.068,1.27,1.287,1.4,1.186,1.045,0.751,0.544,0.262,0.07,0,0,0,0,0
2018.04.27,1,발전량,9.025,0.376,1.412,0,1.412,0,0,0,0,0,0,0,0.044,0.368,0.676,0.766,1.175,1.412,1.326,1.055,0.784,0.408,0.495,0.428,0.089,0,0,0,0,0
2018.04.28,1,발전량,11.504,0.479,1.455,0,1.455,0,0,0,0,0,0,0,0.07,0.363,0.753,1.085,1.297,1.411,1.455,1.423,1.299,1.098,0.795,0.379,0.077,0,0,0,0,0
2018.04.29,1,발전량,11.029,0.46,1.44,0,1.44,0.063,0,0,0,0,0,0,0.063,0.363,0.798,1.114,1.302,1.423,1.44,1.009,1.221,1.065,0.776,0.388,0.067,0,0,0,0,0
2018.04.30,1,발전량,10.214,0.426,1.377,0,1.377,0.039,0,0,0,0,0,0,0.039,0.131,0.53,1.007,1.219,1.328,1.377,1.345,1.159,0.982,0.704,0.315,0.078,0,0,0,0,0
2018.05.01,1,발전량,8.17,0.34,1.099,0,1.099,0.007,0,0,0,0,0,0,0.069,0.326,0.653,0.954,1.078,0.873,1.099,0.913,0.843,0.697,0.411,0.246,0.007,0,0,0,0,0
2018.05.02,1,발전량,1.013,0.042,0.213,0,0.213,0.012,0,0,0,0,0,0,0,0,0.012,0.044,0.067,0.083,0.189,0.21,0.213,0.112,0.054,0.029,0,0,0,0,0,0
2018.05.03,1,발전량,9.951,0.415,1.351,0,1.351,0.02,0,0,0,0,0,0,0.104,0.387,0.8,1.146,1.263,1.174,1.218,1.351,1.297,0.712,0.353,0.124,0.02,0,0,0,0,0
2018.05.04,1,발전량,12.344,0.514,1.578,0,1.578,0,0,0,0,0,0,0,0.072,0.404,0.82,1.164,1.407,1.528,1.578,1.52,1.37,1.157,0.819,0.426,0.079,0,0,0,0,0
2018.05.05,1,발전량,10.02,0.417,1.269,0,1.269,0,0,0,0,0,0,0,0.08,0.373,0.734,1.027,1.236,1.256,1.269,0.928,1.104,0.854,0.602,0.438,0.114,0.005,0,0,0,0
2018.05.06,1,발전량,1.867,0.078,0.304,0,0.304,0.002,0,0,0,0,0,0,0.002,0.013,0.063,0.093,0.112,0.168,0.191,0.23,0.304,0.298,0.226,0.138,0.026,0.002,0,0,0,0
2018.05.07,1,발전량,4.046,0.169,0.789,0,0.789,0,0,0,0,0,0,0,0,0.024,0.121,0.092,0.251,0.224,0.402,0.702,0.789,0.603,0.4,0.305,0.128,0.006,0,0,0,0
2018.05.08,1,발전량,4.596,0.191,0.618,0,0.618,0.03,0,0,0,0,0,0,0.053,0.187,0.267,0.313,0.377,0.376,0.495,0.514,0.618,0.532,0.536,0.298,0.03,0,0,0,0,0
2018.05.09,1,발전량,8.803,0.367,1.303,0,1.303,0.001,0,0,0,0,0,0.001,0.103,0.381,0.458,0.349,0.698,0.699,1.225,1.303,1.085,1.182,0.908,0.363,0.047,0,0,0,0,0
2018.05.10,1,발전량,10.679,0.445,1.379,0,1.379,0.002,0,0,0,0,0,0,0.025,0.27,0.743,1.083,1.195,1.081,1.175,1.379,1.257,1.122,0.818,0.425,0.105,0.002,0,0,0,0
2018.05.11,1,발전량,11.231,0.468,1.471,0,1.471,0.001,0,0,0,0,0,0,0.088,0.431,0.815,1.009,1.286,1.421,1.471,1.456,1.282,1.051,0.558,0.279,0.083,0.001,0,0,0,0
2018.05.12,1,발전량,0.565,0.024,0.103,0,0.103,0,0,0,0,0,0,0,0.004,0.051,0.056,0.065,0.08,0.066,0.103,0.066,0.036,0.031,0.006,0,0,0,0,0,0,0
2018.05.13,1,발전량,9.648,0.402,1.496,0,1.496,0.003,0,0,0,0,0,0,0.057,0.238,0.305,0.542,0.925,1.335,1.496,1.396,1.147,0.933,0.775,0.388,0.109,0.003,0,0,0,0
2018.05.14,1,발전량,11.423,0.476,1.414,0,1.414,0.002,0,0,0,0,0,0.002,0.111,0.433,0.79,1.1,1.302,1.406,1.414,1.348,1.24,1.043,0.743,0.379,0.108,0.003,0,0,0,0
2018.05.15,1,발전량,10.336,0.431,1.365,0,1.365,0,0,0,0,0,0,0,0.133,0.4,0.727,1.029,1.161,1.344,1.365,1.319,1.079,0.869,0.559,0.262,0.088,0.001,0,0,0,0
2018.05.16,1,발전량,0.565,0.024,0.092,0,0.092,0,0,0,0,0,0,0,0.005,0.059,0.092,0.044,0.047,0.08,0.077,0.032,0.044,0.055,0.031,0,0,0,0,0,0,0
2018.05.17,1,발전량,3.423,0.143,0.822,0,0.822,0.001,0,0,0,0,0,0,0,0.055,0.109,0.216,0.413,0.294,0.822,0.58,0.569,0.247,0.116,0.001,0,0,0,0,0,0
2018.05.18,1,발전량,0.997,0.042,0.291,0,0.291,0.001,0,0,0,0,0,0,0,0,0.005,0.03,0.051,0.193,0.291,0.214,0.098,0.1,0.014,0.001,0,0,0,0,0,0
2018.05.19,1,발전량,9.602,0.4,1.263,0,1.263,0.001,0,0,0,0,0,0.001,0.066,0.267,0.439,0.86,1.132,0.888,1.147,1.263,1.204,1.047,0.779,0.422,0.088,0.001,0,0,0,0
2018.05.20,1,발전량,7.821,0.326,1.22,0,1.22,0.001,0,0,0,0,0,0.001,0.095,0.43,0.777,0.891,1.109,1.22,1.154,0.757,0.454,0.372,0.266,0.145,0.14,0.009,0,0,0,0
2018.05.21,1,발전량,4.979,0.207,0.69,0,0.69,0.007,0,0,0,0,0,0,0.056,0.17,0.237,0.316,0.556,0.686,0.538,0.523,0.513,0.69,0.337,0.208,0.142,0.007,0,0,0,0
2018.05.22,1,발전량,6.993,0.291,1.016,0,1.016,0,0,0,0,0,0,0.001,0.099,0.385,0.677,0.933,0.833,1.016,0.948,0.861,0.561,0.404,0.161,0.073,0.041,0,0,0,0,0
2018.05.23,1,발전량,10.637,0.443,1.371,0,1.371,0.003,0,0,0,0,0,0,0.059,0.216,0.646,1.014,1.199,1.312,1.371,1.328,1.209,1.011,0.762,0.417,0.093,0.003,0,0,0,0
2018.05.24,1,발전량,10.345,0.431,1.259,0,1.259,0.003,0,0,0,0,0,0.003,0.1,0.392,0.718,0.969,1.133,1.23,1.259,1.239,1.148,0.965,0.704,0.382,0.099,0.005,0,0,0,0
2018.05.25,1,발전량,9.839,0.41,1.29,0,1.29,0.005,0,0,0,0,0,0.006,0.097,0.4,0.739,1.015,1.201,1.27,1.29,1.19,0.991,0.75,0.515,0.276,0.094,0.005,0,0,0,0
2018.05.26,1,발전량,10.284,0.429,1.256,0,1.256,0.002,0,0,0,0,0,0.002,0.098,0.393,0.715,0.966,1.135,1.228,1.256,1.222,1.119,0.946,0.712,0.391,0.096,0.005,0,0,0,0
2018.05.27,1,발전량,6.074,0.253,0.985,0,0.985,0.003,0,0,0,0,0,0.003,0.089,0.267,0.412,0.627,0.552,0.985,0.789,0.73,0.679,0.612,0.225,0.075,0.03,0,0,0,0,0
2018.05.28,1,발전량,9.388,0.391,1.197,0,1.197,0.003,0,0,0,0,0,0.003,0.097,0.374,0.693,0.942,1.123,1.197,1.156,0.998,0.953,0.75,0.652,0.355,0.084,0.012,0,0,0,0
2018.05.29,1,발전량,8.322,0.347,1.237,0,1.237,0.007,0,0,0,0,0,0.007,0.117,0.271,0.504,0.752,0.483,0.919,1.121,1.237,1.184,0.912,0.667,0.054,0.083,0.01,0,0,0,0
2018.05.30,1,발전량,6.596,0.275,1.131,0,1.131,0.006,0,0,0,0,0,0,0.064,0.293,0.469,0.297,0.451,0.482,0.637,0.556,1.131,0.983,0.743,0.388,0.096,0.006,0,0,0,0
2018.05.31,1,발전량,10.468,0.436,1.325,0,1.325,0.003,0,0,0,0,0,0.003,0.058,0.403,0.746,0.937,1.133,1.276,1.325,1.263,1.156,0.96,0.752,0.329,0.12,0.007,0,0,0,0
2018.06.01,1,발전량,11.546,0.481,1.423,0,1.423,0.003,0,0,0,0,0,0.003,0.109,0.434,0.792,1.074,1.274,1.394,1.423,1.363,1.241,1.068,0.786,0.43,0.14,0.012,0,0,0,0
2018.06.02,1,발전량,11.567,0.482,1.427,0,1.427,0.003,0,0,0,0,0,0.003,0.105,0.419,0.786,1.066,1.271,1.374,1.427,1.38,1.256,1.081,0.821,0.433,0.132,0.011,0,0,0,0
2018.06.03,1,발전량,11.139,0.464,1.443,0,1.443,0.006,0,0,0,0,0,0.008,0.148,0.345,0.502,1.083,1.204,1.298,1.443,1.42,1.299,1.038,0.762,0.463,0.122,0.006,0,0,0,0
2018.06.04,1,발전량,9.959,0.415,1.27,0,1.27,0.002,0,0,0,0,0,0.008,0.094,0.351,0.716,0.998,1.033,1.179,1.27,1.231,1.167,0.783,0.73,0.317,0.082,0.002,0,0,0,0
2018.06.05,1,발전량,7.42,0.309,0.968,0,0.968,0.023,0,0,0,0,0,0,0.023,0.095,0.398,0.968,0.712,0.611,0.953,0.919,0.847,0.855,0.439,0.385,0.188,0.028,0,0,0,0
2018.06.06,1,발전량,11.084,0.462,1.36,0,1.36,0.005,0,0,0,0,0,0.005,0.118,0.31,0.661,1.054,1.262,1.36,1.354,1.348,1.231,1.037,0.763,0.435,0.136,0.012,0,0,0,0
2018.06.07,1,발전량,11.122,0.463,1.357,0,1.357,0.007,0,0,0,0,0,0.007,0.12,0.401,0.741,1.025,1.213,1.32,1.357,1.324,1.215,1.043,0.767,0.446,0.134,0.008,0,0,0,0
2018.06.08,1,발전량,10.596,0.442,1.396,0,1.396,0.01,0,0,0,0,0,0.01,0.142,0.437,0.813,1.077,1.255,1.396,1.079,0.979,1.019,0.977,0.778,0.455,0.148,0.03,0,0,0,0
2018.06.09,1,발전량,9.949,0.415,1.33,0,1.33,0.008,0,0,0,0,0,0.01,0.103,0.415,0.753,1.073,1.041,1.33,1.023,1.123,1.12,0.945,0.666,0.287,0.052,0.008,0,0,0,0
2018.06.10,1,발전량,3.975,0.166,0.63,0,0.63,0.001,0,0,0,0,0,0,0.031,0.134,0.395,0.453,0.414,0.452,0.404,0.63,0.395,0.377,0.249,0.041,0.001,0,0,0,0,0
2018.06.11,1,발전량,2.133,0.089,0.411,0,0.411,0.001,0,0,0,0,0,0,0.009,0.019,0.149,0.125,0.271,0.411,0.327,0.154,0.125,0.21,0.122,0.11,0.1,0.001,0,0,0,0
2018.06.12,1,발전량,5.717,0.238,0.82,0,0.82,0.028,0,0,0,0,0,0,0.028,0.117,0.161,0.285,0.629,0.714,0.52,0.757,0.476,0.768,0.82,0.328,0.078,0.036,0,0,0,0
2018.06.13,1,발전량,6.407,0.267,1.233,0,1.233,0.051,0,0,0,0,0,0,0.051,0.1,0.197,0.455,0.61,0.54,0.718,0.903,1.233,0.724,0.43,0.352,0.092,0,0,0,0,0
2018.06.14,1,발전량,4.487,0.187,0.799,0,0.799,0.004,0,0,0,0,0,0,0.004,0.073,0.157,0.484,0.799,0.401,0.326,0.546,0.593,0.342,0.322,0.219,0.207,0.014,0,0,0,0
2018.06.15,1,발전량,9.052,0.377,1.306,0,1.306,0.002,0,0,0,0,0,0.002,0.129,0.302,0.336,0.707,0.859,0.829,1.139,1.004,1.306,1.089,0.733,0.458,0.148,0.012,0,0,0,0
2018.06.16,1,발전량,10.47,0.436,1.47,0,1.47,0.005,0,0,0,0,0,0.005,0.124,0.323,0.336,0.544,1.013,1.464,1.47,1.432,1.307,1.128,0.685,0.499,0.135,0.006,0,0,0,0
2018.06.17,1,발전량,7.913,0.33,1.106,0,1.106,0.005,0,0,0,0,0,0.005,0.146,0.464,0.678,0.696,0.758,0.64,1.022,1.106,0.844,0.541,0.612,0.263,0.116,0.021,0,0,0,0
2018.06.18,1,발전량,10.397,0.433,1.414,0,1.414,0.012,0,0,0,0,0,0,0.096,0.369,0.646,0.762,0.853,1.137,1.407,1.414,1.105,1.102,0.847,0.499,0.148,0.012,0,0,0,0
2018.06.19,1,발전량,2.928,0.122,0.502,0,0.502,0.004,0,0,0,0,0,0.004,0.092,0.382,0.47,0.462,0.317,0.502,0.359,0.34,0,0,0,0,0,0,0,0,0,0
2018.06.20,1,발전량,8.916,0.372,1.426,0,1.426,0.049,0,0,0,0,0,0,0,0,0,0,0.778,1.374,1.405,1.426,1.201,1.158,0.837,0.504,0.186,0.049,0,0,0,0
2018.06.21,1,발전량,11.673,0.486,1.474,0,1.474,0.003,0,0,0,0,0,0.003,0.106,0.437,0.82,1.115,1.321,1.462,1.474,1.283,1.211,1.03,0.766,0.478,0.152,0.016,0,0,0,0
2018.06.22,1,발전량,10.726,0.447,1.406,0,1.406,0.004,0,0,0,0,0,0.004,0.109,0.442,0.798,1.072,1.264,1.373,1.406,1.32,1.128,0.852,0.529,0.312,0.105,0.012,0,0,0,0
2018.06.23,1,발전량,7.618,0.317,1.266,0,1.266,0.012,0,0,0,0,0,0,0.014,0.109,0.122,0.501,0.581,0.745,0.676,1.266,1.056,1.121,0.801,0.467,0.146,0.012,0,0,0,0
2018.06.24,1,발전량,11.533,0.481,1.447,0,1.447,0.004,0,0,0,0,0,0.004,0.107,0.402,0.747,1.05,1.26,1.385,1.447,1.411,1.281,1.074,0.77,0.434,0.145,0.014,0,0,0,0
2018.06.25,1,발전량,8.414,0.351,1.138,0,1.138,0.019,0,0,0,0,0,0,0.081,0.371,0.431,0.845,1.138,1.033,0.685,0.598,1.119,0.856,0.687,0.39,0.162,0.019,0,0,0,0
2018.06.26,1,발전량,0.44,0.018,0.133,0,0.133,0.001,0,0,0,0,0,0,0.014,0.053,0.105,0.133,0.024,0.024,0.02,0.017,0.018,0.034,0.001,0,0,0,0,0,0,0
2018.06.27,1,발전량,8.177,0.341,1.385,0,1.385,0,0,0,0,0,0,0,0,0.099,0.31,0.437,0.507,0.852,1.385,1.146,1.04,1.036,0.791,0.439,0.108,0.027,0,0,0,0
2018.06.28,1,발전량,2.511,0.105,0.464,0,0.464,0,0,0,0,0,0,0,0.003,0.131,0.166,0.033,0.39,0.336,0.464,0.086,0.184,0.375,0.221,0.121,0,0,0,0,0,0
2018.06.29,1,발전량,8.628,0.359,1.084,0,1.084,0.059,0,0,0,0,0,0,0.105,0.141,0.353,0.883,1.023,0.893,0.942,1.084,0.915,0.95,0.76,0.336,0.185,0.059,0,0,0,0
2018.06.30,1,발전량,2.075,0.086,0.39,0,0.39,0.011,0,0,0,0,0,0,0,0.011,0.146,0.216,0.39,0.381,0.27,0.141,0.203,0.179,0.105,0.019,0.012,0,0,0,0,0
2018.07.01,1,발전량,0.816,0.034,0.169,0,0.169,0.001,0,0,0,0,0,0,0.021,0.001,0.023,0.007,0.05,0.094,0.062,0.107,0.08,0.127,0.169,0.059,0.007,0.008,0,0,0,0
2018.07.02,1,발전량,1.323,0.055,0.355,0,0.355,0,0,0,0,0,0,0,0,0,0.012,0.042,0.355,0.291,0.237,0.1,0.041,0.038,0.094,0.049,0.063,0,0,0,0,0
2018.07.03,1,발전량,2.774,0.116,0.567,0,0.567,0.021,0,0,0,0,0,0,0.021,0.129,0.341,0.567,0.463,0.45,0.247,0.253,0.301,0,0,0,0,0,0,0,0,0
2018.07.04,1,발전량,0,0,0,0,0,0,0,0,0,0,0,0,0,0,0,0,0,0,0,0,0,0,0,0,0,0,0,0,0,0
2018.07.05,1,발전량,1.887,0.079,0.456,0,0.456,0.001,0,0,0,0,0,0,0,0,0,0,0.004,0.175,0.182,0.284,0.395,0.456,0.287,0.093,0.011,0.001,0,0,0,0
2018.07.06,1,발전량,3.896,0.162,0.445,0,0.445,0,0,0,0,0,0,0,0.04,0.113,0.275,0.349,0.438,0.339,0.445,0.427,0.278,0.385,0.425,0.279,0.093,0.01,0,0,0,0
2018.07.07,1,발전량,7.418,0.309,0.917,0,0.917,0.001,0,0,0,0,0,0.001,0.06,0.293,0.544,0.759,0.617,0.696,0.917,0.819,0.873,0.827,0.596,0.294,0.117,0.005,0,0,0,0
2018.07.08,1,발전량,4.979,0.207,0.697,0,0.697,0.001,0,0,0,0,0,0,0.055,0.168,0.329,0.519,0.697,0.555,0.559,0.569,0.518,0.425,0.365,0.166,0.053,0.001,0,0,0,0
2018.07.09,1,발전량,0.857,0.036,0.118,0,0.118,0.015,0,0,0,0,0,0,0.016,0.032,0.034,0.118,0.116,0.093,0.099,0.077,0.072,0.052,0.09,0.042,0.015,0,0,0,0,0
2018.07.10,1,발전량,3.296,0.137,0.465,0,0.465,0.007,0,0,0,0,0,0,0.007,0.062,0.147,0.226,0.345,0.336,0.415,0.465,0.384,0.393,0.312,0.183,0.021,0,0,0,0,0
2018.07.11,1,발전량,5.131,0.214,0.854,0,0.854,0.007,0,0,0,0,0,0,0.026,0.108,0.333,0.262,0.444,0.541,0.601,0.737,0.854,0.718,0.296,0.142,0.063,0.007,0,0,0,0
2018.07.12,1,발전량,5.392,0.225,0.815,0,0.815,0,0,0,0,0,0,0,0.066,0.279,0.407,0.472,0.815,0.72,0.656,0.542,0.482,0.362,0.307,0.194,0.08,0.01,0,0,0,0
2018.07.13,1,발전량,5.713,0.238,0.882,0,0.882,0.002,0,0,0,0,0,0,0.027,0.13,0.248,0.4,0.743,0.882,0.642,0.614,0.764,0.527,0.482,0.188,0.065,0.002,0,0,0,0
2018.07.14,1,발전량,6.914,0.288,0.845,0,0.845,0.001,0,0,0,0,0,0,0.047,0.239,0.453,0.63,0.746,0.816,0.845,0.829,0.771,0.654,0.514,0.299,0.07,0.001,0,0,0,0
2018.07.15,1,발전량,6.97,0.29,0.875,0,0.875,0.001,0,0,0,0,0,0,0.036,0.229,0.45,0.624,0.753,0.83,0.846,0.875,0.785,0.669,0.513,0.288,0.071,0.001,0,0,0,0
2018.07.16,1,발전량,5.718,0.238,0.748,0,0.748,0.004,0,0,0,0,0,0,0.04,0.225,0.443,0.612,0.748,0.738,0.423,0.661,0.613,0.467,0.395,0.273,0.077,0.004,0,0,0,0
2018.07.17,1,발전량,5.781,0.241,0.822,0,0.822,0.004,0,0,0,0,0,0,0.045,0.215,0.426,0.611,0.624,0.778,0.822,0.629,0.452,0.351,0.486,0.266,0.072,0.004,0,0,0,0
2018.07.18,1,발전량,5.425,0.226,0.747,0,0.747,0.004,0,0,0,0,0,0,0.041,0.22,0.423,0.595,0.747,0.706,0.456,0.605,0.41,0.469,0.422,0.249,0.077,0.004,0,0,0,0
2018.07.19,1,발전량,5.741,0.239,0.649,0,0.649,0.004,0,0,0,0,0,0,0.044,0.215,0.433,0.6,0.6,0.595,0.511,0.648,0.571,0.649,0.501,0.294,0.076,0.004,0,0,0,0
2018.07.20,1,발전량,5.945,0.248,0.773,0,0.773,0.005,0,0,0,0,0,0,0.044,0.21,0.422,0.598,0.73,0.773,0.748,0.695,0.628,0.521,0.276,0.209,0.085,0.005,0,0,0,0
2018.07.21,1,발전량,6.03,0.251,0.71,0,0.71,0.003,0,0,0,0,0,0,0.043,0.203,0.409,0.583,0.71,0.686,0.617,0.707,0.71,0.608,0.437,0.245,0.069,0.003,0,0,0,0
2018.07.22,1,발전량,6.056,0.252,0.79,0,0.79,0.008,0,0,0,0,0,0,0.038,0.204,0.417,0.574,0.674,0.658,0.79,0.644,0.653,0.58,0.467,0.27,0.077,0.008,0,0,0,0
2018.07.23,1,발전량,5.151,0.215,0.678,0,0.678,0.01,0,0,0,0,0,0,0.052,0.21,0.413,0.569,0.678,0.473,0.661,0.516,0.458,0.403,0.347,0.249,0.113,0.01,0,0,0,0
2018.07.24,1,발전량,6.098,0.254,0.802,0,0.802,0.001,0,0,0,0,0,0,0.036,0.203,0.414,0.592,0.706,0.53,0.583,0.802,0.747,0.642,0.491,0.288,0.062,0.001,0,0,0,0
2018.07.25,1,발전량,5.086,0.212,0.738,0,0.738,0.003,0,0,0,0,0,0,0.037,0.197,0.333,0.359,0.651,0.62,0.414,0.583,0.738,0.483,0.467,0.157,0.047,0.003,0,0,0,0
2018.07.26,1,발전량,6.951,0.29,0.93,0,0.93,0.004,0,0,0,0,0,0,0.032,0.197,0.408,0.585,0.699,0.804,0.786,0.762,0.93,0.847,0.416,0.376,0.105,0.004,0,0,0,0
2018.07.27,1,발전량,7.151,0.298,0.826,0,0.826,0.012,0,0,0,0,0,0,0.051,0.276,0.582,0.823,0.771,0.676,0.826,0.731,0.765,0.63,0.518,0.379,0.111,0.012,0,0,0,0
2018.07.28,1,발전량,5.252,0.219,0.847,0,0.847,0.02,0,0,0,0,0,0,0.02,0.186,0.325,0.453,0.416,0.516,0.622,0.756,0.847,0.506,0.305,0.262,0.04,0,0,0,0,0
2018.07.29,1,발전량,8.5,0.354,1.14,0,1.14,0.001,0,0,0,0,0,0,0.029,0.286,0.401,0.864,0.869,1.14,0.918,1.117,0.927,0.988,0.467,0.442,0.051,0.001,0,0,0,0
2018.07.30,1,발전량,7.887,0.329,1.13,0,1.13,0.002,0,0,0,0,0,0,0.046,0.121,0.292,0.501,0.948,0.83,1.104,0.982,1.13,0.825,0.708,0.24,0.16,0.002,0,0,0,0
2018.07.31,1,발전량,9.463,0.394,1.194,0,1.194,0.001,0,0,0,0,0,0,0.032,0.281,0.604,0.865,1.047,1.153,1.194,1.154,1.05,0.898,0.737,0.357,0.091,0.001,0,0,0,0
2018.08.01,1,발전량,9.435,0.393,1.182,0,1.182,0.001,0,0,0,0,0,0,0.036,0.285,0.604,0.859,1.034,1.139,1.182,1.153,1.056,0.906,0.694,0.395,0.089,0.001,0,0,0,0
2018.08.02,1,발전량,9.323,0.388,1.167,0,1.167,0.003,0,0,0,0,0,0,0.032,0.28,0.601,0.858,1.032,1.134,1.167,1.136,1.044,0.889,0.674,0.381,0.093,0.003,0,0,0,0
2018.08.03,1,발전량,7.709,0.321,1.152,0,1.152,0.002,0,0,0,0,0,0,0.011,0,0,0.209,1.004,1.111,1.152,1.132,1.05,0.899,0.668,0.382,0.089,0.002,0,0,0,0
2018.08.04,1,발전량,7.628,0.318,1.094,0,1.094,0.002,0,0,0,0,0,0,0.041,0.257,0.569,0.832,0.879,1.094,0.786,1.005,0.827,0.667,0.247,0.338,0.083,0.002,0,0,0,0
2018.08.05,1,발전량,5.919,0.247,0.857,0,0.857,0,0,0,0,0,0,0,0.038,0.293,0.493,0.515,0.857,0.692,0.839,0.734,0.464,0.529,0.246,0.152,0.069,0,0,0,0,0
2018.08.06,1,발전량,4.632,0.193,0.734,0,0.734,0.001,0,0,0,0,0,0,0.002,0.107,0.356,0.52,0.465,0.402,0.585,0.64,0.734,0.251,0.121,0.342,0.105,0.001,0,0,0,0
2018.08.07,1,발전량,6.829,0.285,0.925,0,0.925,0.009,0,0,0,0,0,0,0.039,0.161,0.392,0.53,0.538,0.619,0.55,0.905,0.901,0.925,0.747,0.42,0.093,0.009,0,0,0,0
2018.08.08,1,발전량,8.206,0.342,1.141,0,1.141,0.003,0,0,0,0,0,0,0.052,0.289,0.597,0.913,0.927,0.791,0.766,1.083,1.141,0.691,0.482,0.392,0.08,0.003,0,0,0,0
2018.08.09,1,발전량,5.693,0.237,0.737,0,0.737,0.041,0,0,0,0,0,0,0.041,0.222,0.504,0.737,0.59,0.334,0.404,0.629,0.588,0.626,0.689,0.252,0.077,0,0,0,0,0
2018.08.10,1,발전량,5.022,0.209,0.956,0,0.956,0.003,0,0,0,0,0,0,0.003,0.033,0.141,0.351,0.199,0.209,0.956,0.789,0.886,0.814,0.433,0.201,0.006,0,0,0,0,0
2018.08.11,1,발전량,4.953,0.206,0.664,0,0.664,0.003,0,0,0,0,0,0,0.054,0.209,0.318,0.326,0.284,0.664,0.568,0.329,0.605,0.498,0.584,0.417,0.093,0.003,0,0,0,0
2018.08.12,1,발전량,5.171,0.215,0.896,0,0.896,0.001,0,0,0,0,0,0,0,0.052,0.119,0.211,0.459,0.52,0.71,0.719,0.896,0.581,0.551,0.288,0.064,0.001,0,0,0,0
2018.08.13,1,발전량,8.915,0.371,1.271,0,1.271,0,0,0,0,0,0,0,0.026,0.226,0.576,0.744,0.511,1.057,1.271,1.224,1.173,1.007,0.651,0.364,0.084,0,0,0,0,0
2018.08.14,1,발전량,9.651,0.402,1.189,0,1.189,0.001,0,0,0,0,0,0,0.028,0.269,0.603,0.836,1.171,1.188,1.075,1.077,1.189,1.007,0.74,0.398,0.068,0.001,0,0,0,0
2018.08.15,1,발전량,10.11,0.421,1.315,0,1.315,0.003,0,0,0,0,0,0,0.021,0.277,0.562,0.942,1.158,1.266,1.314,1.315,1.177,0.881,0.708,0.418,0.069,0.003,0,0,0,0
2018.08.16,1,발전량,6.498,0.271,0.897,0,0.897,0.027,0,0,0,0,0,0,0.027,0.365,0.531,0.593,0.531,0.64,0.441,0.814,0.489,0.897,0.792,0.332,0.046,0,0,0,0,0
2018.08.17,1,발전량,8.058,0.336,1.05,0,1.05,0.001,0,0,0,0,0,0,0.028,0.306,0.596,0.626,1.05,0.98,0.888,0.883,1.034,0.748,0.49,0.33,0.098,0.001,0,0,0,0
2018.08.18,1,발전량,9.669,0.403,1.251,0,1.251,0.001,0,0,0,0,0,0,0.035,0.252,0.63,1.048,1.113,0.884,1.187,1.251,1.205,1.007,0.666,0.277,0.114,0.001,0,0,0,0
2018.08.19,1,발전량,9.46,0.394,1.258,0,1.258,0.033,0,0,0,0,0,0,0.033,0.316,0.695,0.876,1.173,0.963,1.095,1.258,1.13,1.027,0.508,0.312,0.074,0,0,0,0,0
2018.08.20,1,발전량,9.464,0.394,1.226,0,1.226,0.032,0,0,0,0,0,0,0.032,0.281,0.636,0.84,1.098,1.082,1.226,1.073,1.218,0.879,0.603,0.411,0.085,0,0,0,0,0
2018.08.21,1,발전량,8.319,0.347,1.124,0,1.124,0.002,0,0,0,0,0,0,0.074,0.293,0.503,0.702,1.124,1.039,1.089,1.118,0.818,0.816,0.427,0.241,0.074,0.002,0,0,0,0
2018.08.22,1,발전량,7.471,0.311,1.178,0,1.178,0.026,0,0,0,0,0,0,0.026,0.122,0.422,0.547,0.905,1.02,1.178,1.061,1.124,0.343,0.5,0.184,0.04,0,0,0,0,0
2018.08.23,1,발전량,3.589,0.15,0.587,0,0.587,0.008,0,0,0,0,0,0,0,0.034,0.114,0.321,0.524,0.461,0.491,0.529,0.587,0.402,0.118,0.008,0,0,0,0,0,0
2018.08.24,1,발전량,0.696,0.029,0.174,0,0.174,0.01,0,0,0,0,0,0,0,0,0.023,0.029,0.065,0.069,0.112,0.174,0.037,0.042,0.078,0.056,0.01,0,0,0,0,0
2018.08.25,1,발전량,6.033,0.251,0.899,0,0.899,0.029,0,0,0,0,0,0,0.032,0.283,0.537,0.882,0.686,0.668,0.899,0.622,0.53,0.413,0.327,0.124,0.029,0,0,0,0,0
2018.08.26,1,발전량,1.96,0.082,0.341,0,0.341,0.003,0,0,0,0,0,0,0.004,0.081,0.267,0.341,0.177,0.29,0.133,0.235,0.099,0.236,0.095,0.003,0,0,0,0,0,0
2018.08.27,1,발전량,1.221,0.051,0.311,0,0.311,0,0,0,0,0,0,0,0,0,0.003,0.027,0.071,0.219,0.311,0.236,0.165,0.081,0.057,0.04,0.012,0,0,0,0,0
2018.08.28,1,발전량,1.356,0.057,0.358,0,0.358,0.041,0,0,0,0,0,0,0,0,0,0.054,0.093,0.101,0.084,0.083,0.358,0.212,0.162,0.169,0.041,0,0,0,0,0
2018.08.29,1,발전량,5.925,0.247,0.982,0,0.982,0.001,0,0,0,0,0,0,0.001,0.048,0.246,0.538,0.726,0.756,0.982,0.747,0.712,0.528,0.518,0.091,0.032,0,0,0,0,0
2018.08.30,1,발전량,3.479,0.145,1.073,0,1.073,0.004,0,0,0,0,0,0,0.006,0.085,0.18,0.229,0.419,0.325,0.575,1.073,0.427,0.03,0.035,0.091,0.004,0,0,0,0,0
2018.08.31,1,발전량,1.508,0.063,0.398,0,0.398,0.006,0,0,0,0,0,0,0,0.006,0.086,0.071,0.093,0.139,0.398,0.325,0,0.069,0.03,0.25,0.041,0,0,0,0,0
2018.09.01,1,발전량,1.455,0.061,0.685,0,0.685,0.018,0,0,0,0,0,0,0.018,0.232,0.685,0.519,0,0,0,0,0,0,0,0,0,0,0,0,0,0
2018.09.02,1,발전량,0.623,0.026,0.226,0,0.226,0.038,0,0,0,0,0,0,0,0,0,0,0,0,0,0.096,0.226,0.143,0.12,0.038,0,0,0,0,0,0
2018.09.03,1,발전량,0.631,0.026,0.139,0,0.139,0.002,0,0,0,0,0,0,0,0,0.027,0.06,0.079,0.139,0.098,0.079,0.091,0.034,0.021,0.002,0,0,0,0,0,0
2018.09.04,1,발전량,7.866,0.328,1.203,0,1.203,0.008,0,0,0,0,0,0,0,0.053,0.408,0.834,0.647,0.981,1.203,1.116,0.935,0.935,0.571,0.174,0.008,0,0,0,0,0
2018.09.05,1,발전량,7.642,0.318,1.124,0,1.124,0.014,0,0,0,0,0,0,0.014,0.241,0.578,0.562,0.829,1.124,0.8,0.983,0.797,0.792,0.627,0.275,0.02,0,0,0,0,0
2018.09.06,1,발전량,4.518,0.188,0.609,0,0.609,0.004,0,0,0,0,0,0,0.024,0.18,0.609,0.578,0.472,0.573,0.496,0.435,0.476,0.333,0.258,0.08,0.004,0,0,0,0,0
2018.09.07,1,발전량,4.456,0.186,0.689,0,0.689,0.009,0,0,0,0,0,0,0.009,0.063,0.169,0.592,0.689,0.445,0.599,0.422,0.536,0.415,0.326,0.18,0.012,0,0,0,0,0
2018.09.08,1,발전량,8.831,0.368,1.266,0,1.266,0.007,0,0,0,0,0,0,0.007,0.159,0.556,0.847,1.088,1.266,0.752,1.102,1.025,1.01,0.703,0.293,0.023,0,0,0,0,0
2018.09.09,1,발전량,10.256,0.427,1.409,0,1.409,0.006,0,0,0,0,0,0,0.013,0.28,0.694,1.022,1.239,1.361,1.409,1.368,1.243,0.676,0.765,0.18,0.006,0,0,0,0,0
2018.09.10,1,발전량,9.351,0.39,1.332,0,1.332,0.013,0,0,0,0,0,0,0.013,0.259,0.581,0.914,1.055,1.332,1.21,0.897,0.99,1.091,0.71,0.285,0.014,0,0,0,0,0
2018.09.11,1,발전량,7.606,0.317,1.185,0,1.185,0.009,0,0,0,0,0,0,0.009,0.286,0.609,0.945,0.913,0.958,1.185,0.926,0.794,0.514,0.291,0.163,0.014,0,0,0,0,0
2018.09.12,1,발전량,7.657,0.319,1.051,0,1.051,0.014,0,0,0,0,0,0,0.027,0.204,0.65,1.049,1.051,0.521,0.622,0.75,1.024,0.959,0.638,0.148,0.014,0,0,0,0,0
2018.09.13,1,발전량,1.931,0.08,0.308,0,0.308,0,0,0,0,0,0,0,0,0.044,0.113,0.091,0.125,0.144,0.308,0.237,0.17,0.275,0.281,0.139,0.004,0,0,0,0,0
2018.09.14,1,발전량,3.023,0.126,0.814,0,0.814,0.021,0,0,0,0,0,0,0,0.021,0.089,0.155,0.303,0.316,0.381,0.814,0.462,0.284,0.141,0.058,0,0,0,0,0,0
2018.09.15,1,발전량,1.997,0.083,0.405,0,0.405,0.008,0,0,0,0,0,0,0,0.078,0.276,0.207,0.405,0.235,0.309,0.17,0.169,0.073,0.067,0.008,0,0,0,0,0,0
2018.09.16,1,발전량,3.329,0.139,0.688,0,0.688,0.002,0,0,0,0,0,0,0.002,0.169,0.418,0.396,0.688,0.58,0.371,0.236,0.167,0.175,0.107,0.021,0,0,0,0,0,0
2018.09.17,1,발전량,8.556,0.357,1.394,0,1.394,0,0,0,0,0,0,0,0,0.052,0.31,0.949,1.133,0.958,1.2,1.394,1.183,0.528,0.61,0.231,0.007,0,0,0,0,0
2018.09.18,1,발전량,8.395,0.35,1.242,0,1.242,0.008,0,0,0,0,0,0,0.008,0.255,0.656,0.985,1.164,0.897,0.957,1.242,0.681,0.875,0.512,0.149,0.014,0,0,0,0,0
2018.09.19,1,발전량,4.18,0.174,0.576,0,0.576,0.001,0,0,0,0,0,0,0.006,0.188,0.352,0.392,0.469,0.528,0.547,0.485,0.576,0.375,0.197,0.062,0.001,0,0,0,0,0
2018.09.20,1,발전량,1.898,0.079,0.438,0,0.438,0.012,0,0,0,0,0,0,0,0.012,0.045,0.088,0.143,0.172,0.438,0.371,0.306,0.175,0.113,0.035,0,0,0,0,0,0
2018.09.21,1,발전량,2.283,0.095,0.411,0,0.411,0.005,0,0,0,0,0,0,0,0.005,0.048,0.094,0.218,0.255,0.273,0.411,0.403,0.344,0.149,0.082,0,0,0,0,0,0
2018.09.22,1,발전량,8.261,0.344,1.201,0,1.201,0.004,0,0,0,0,0,0,0.007,0.213,0.615,0.609,0.967,0.984,1.201,0.956,0.993,0.925,0.592,0.194,0.004,0,0,0,0,0
2018.09.23,1,발전량,6.756,0.281,1.047,0,1.047,0.002,0,0,0,0,0,0,0.013,0.161,0.444,0.779,0.912,0.729,0.522,0.96,1.047,0.782,0.378,0.025,0.002,0,0,0,0,0
2018.09.24,1,발전량,6.901,0.288,1.064,0,1.064,0.004,0,0,0,0,0,0,0.004,0.123,0.274,0.626,0.877,0.987,1.064,0.955,0.704,0.51,0.52,0.244,0.012,0,0,0,0,0
2018.09.25,1,발전량,9.87,0.411,1.415,0,1.415,0.001,0,0,0,0,0,0,0.006,0.237,0.675,1.025,1.26,1.378,1.415,1.221,0.971,0.961,0.555,0.165,0.001,0,0,0,0,0
2018.09.26,1,발전량,6.669,0.278,0.971,0,0.971,0.001,0,0,0,0,0,0,0,0.014,0.13,0.582,0.717,0.971,0.913,0.915,0.953,0.73,0.574,0.167,0.001,0,0,0,0,0
2018.09.27,1,발전량,9.099,0.379,1.384,0,1.384,0.001,0,0,0,0,0,0,0.005,0.228,0.65,1,1.264,1.357,1.384,1.276,1,0.627,0.182,0.123,0.001,0,0,0,0,0
2018.09.28,1,발전량,4.513,0.188,0.863,0,0.863,0.012,0,0,0,0,0,0,0.012,0.214,0.541,0.75,0.863,0.821,0.404,0.433,0.278,0.098,0.072,0.028,0,0,0,0,0,0
2018.09.29,1,발전량,7.52,0.313,1.265,0,1.265,0.005,0,0,0,0,0,0,0.005,0.082,0.445,0.999,1.265,1.159,1.073,1.14,0.746,0.117,0.34,0.136,0.012,0,0,0,0,0
2018.09.30,1,발전량,9.652,0.402,1.382,0,1.382,0,0,0,0,0,0,0,0,0.145,0.624,0.941,1.178,1.336,1.382,1.318,1.132,0.896,0.551,0.148,0,0,0,0,0,0
2018.10.01,1,발전량,6.787,0.283,1.295,0,1.295,0.001,0,0,0,0,0,0,0.001,0.123,0.527,0.792,1.266,1.295,0.461,0.868,0.945,0.287,0.201,0.021,0,0,0,0,0,0
2018.10.02,1,발전량,8.69,0.362,1.212,0,1.212,0.004,0,0,0,0,0,0,0.004,0.231,0.655,1,1.163,1.212,0.638,0.985,1.186,0.931,0.552,0.131,0,0,0,0,0,0
2018.10.03,1,발전량,9.687,0.404,1.324,0,1.324,0.004,0,0,0,0,0,0,0.004,0.226,0.649,0.984,1.207,1.324,1.32,1.299,1.146,0.89,0.517,0.122,0,0,0,0,0,0
2018.10.04,1,발전량,8.072,0.336,1.25,0,1.25,0.001,0,0,0,0,0,0,0.001,0.191,0.633,0.96,1.25,0.901,0.999,0.916,1.131,0.66,0.397,0.034,0,0,0,0,0,0
2018.10.05,1,발전량,1.122,0.047,0.181,0,0.181,0.002,0,0,0,0,0,0,0,0.01,0.061,0.091,0.17,0.15,0.172,0.181,0.18,0.085,0.02,0.002,0,0,0,0,0,0
2018.10.06,1,발전량,2.092,0.087,0.532,0,0.532,0.009,0,0,0,0,0,0,0,0.009,0.033,0.032,0.082,0.214,0.317,0.41,0.332,0.532,0.119,0.013,0,0,0,0,0,0
2018.10.07,1,발전량,8.156,0.34,1.274,0,1.274,0.002,0,0,0,0,0,0,0.002,0.21,0.559,0.891,0.649,0.902,1.274,1.206,1.07,0.827,0.47,0.096,0,0,0,0,0,0
2018.10.08,1,발전량,8.36,0.348,1.274,0,1.274,0.002,0,0,0,0,0,0,0.002,0.178,0.379,0.837,0.804,1.25,1.274,1.182,1.108,0.8,0.453,0.095,0,0,0,0,0,0
2018.10.09,1,발전량,4.964,0.207,1.173,0,1.173,0.028,0,0,0,0,0,0,0,0.035,0.161,0.409,0.562,0.72,1.173,0.846,0.665,0.269,0.096,0.028,0,0,0,0,0,0
2018.10.10,1,발전량,7.96,0.332,1.398,0,1.398,0.035,0,0,0,0,0,0,0,0.035,0.164,0.38,0.805,1.193,1.398,1.349,1.174,0.881,0.494,0.087,0,0,0,0,0,0
2018.10.11,1,발전량,9.619,0.401,1.42,0,1.42,0.075,0,0,0,0,0,0,0,0.183,0.622,0.989,1.229,1.385,1.42,1.193,1.144,0.892,0.487,0.075,0,0,0,0,0,0
2018.10.12,1,발전량,9.401,0.392,1.344,0,1.344,0.077,0,0,0,0,0,0,0,0.188,0.619,0.96,1.189,1.314,1.344,1.275,1.118,0.85,0.468,0.077,0,0,0,0,0,0
2018.10.13,1,발전량,8.736,0.364,1.287,0,1.287,0.07,0,0,0,0,0,0,0,0.196,0.567,0.901,1.164,1.287,1.216,1.106,1.086,0.871,0.272,0.07,0,0,0,0,0,0
2018.10.14,1,발전량,7.797,0.325,1.222,0,1.222,0.048,0,0,0,0,0,0,0,0.143,0.552,0.901,1.129,1.22,1.222,0.789,0.654,0.692,0.448,0.048,0,0,0,0,0,0
2018.10.15,1,발전량,8.092,0.337,1.252,0,1.252,0.052,0,0,0,0,0,0,0,0.123,0.424,0.827,1.05,1.205,1.252,1.167,0.903,0.736,0.354,0.052,0,0,0,0,0,0
2018.10.16,1,발전량,3.74,0.156,0.699,0,0.699,0.014,0,0,0,0,0,0,0,0.033,0.144,0.288,0.511,0.554,0.699,0.591,0.457,0.26,0.189,0.014,0,0,0,0,0,0
2018.10.17,1,발전량,5.946,0.248,1.16,0,1.16,0.06,0,0,0,0,0,0,0,0.079,0.307,0.721,0.504,0.881,1.16,1.052,0.416,0.345,0.42,0.06,0,0,0,0,0,0
2018.10.18,1,발전량,3.351,0.14,0.525,0,0.525,0.077,0,0,0,0,0,0,0,0.145,0.23,0.193,0.525,0.345,0.26,0.434,0.396,0.514,0.233,0.077,0,0,0,0,0,0
2018.10.19,1,발전량,5.662,0.236,1.155,0,1.155,0.046,0,0,0,0,0,0,0,0.158,0.585,0.926,1.155,0.59,0.31,0.691,0.621,0.406,0.175,0.046,0,0,0,0,0,0
2018.10.20,1,발전량,8.816,0.367,1.284,0,1.284,0.039,0,0,0,0,0,0,0,0.149,0.574,0.925,1.137,1.257,1.284,1.215,1.056,0.786,0.394,0.039,0,0,0,0,0,0
2018.10.21,1,발전량,8.747,0.364,1.278,0,1.278,0.042,0,0,0,0,0,0,0,0.149,0.565,0.896,1.11,1.261,1.278,1.204,1.058,0.788,0.396,0.042,0,0,0,0,0,0
2018.10.22,1,발전량,6.176,0.257,1.061,0,1.061,0.024,0,0,0,0,0,0,0,0.067,0.255,0.697,1.061,1.02,0.975,0.833,0.749,0.345,0.151,0.024,0,0,0,0,0,0
2018.10.23,1,발전량,5.608,0.234,1.105,0,1.105,0.016,0,0,0,0,0,0,0,0.091,0.514,0.614,1.105,0.55,0.719,0.962,0.299,0.438,0.299,0.016,0,0,0,0,0,0
2018.10.24,1,발전량,8.522,0.355,1.244,0,1.244,0.032,0,0,0,0,0,0,0,0.135,0.547,0.891,1.12,1.224,1.244,1.179,1.02,0.761,0.369,0.032,0,0,0,0,0,0
2018.10.25,1,발전량,8.26,0.344,1.249,0,1.249,0.014,0,0,0,0,0,0,0,0.123,0.53,0.871,1.098,1.224,1.249,1.183,1.006,0.652,0.309,0.014,0,0,0,0,0,0
2018.10.26,1,발전량,0.581,0.024,0.112,0,0.112,0.001,0,0,0,0,0,0,0,0.005,0.042,0.042,0.1,0.095,0.091,0.051,0.112,0.043,0.001,0,0,0,0,0,0,0
2018.10.27,1,발전량,3.953,0.165,0.609,0,0.609,0.013,0,0,0,0,0,0,0,0.13,0.42,0.32,0.584,0.57,0.609,0.563,0.396,0.206,0.141,0.013,0,0,0,0,0,0
2018.10.28,1,발전량,3.772,0.157,0.945,0,0.945,0,0,0,0,0,0,0,0,0.08,0.474,0.831,0.505,0.289,0.945,0.462,0.18,0.005,0,0,0,0,0,0,0,0
2018.10.29,1,발전량,5.644,0.235,0.876,0,0.876,0.016,0,0,0,0,0,0,0,0.095,0.402,0.716,0.692,0.624,0.493,0.689,0.876,0.792,0.249,0.016,0,0,0,0,0,0
2018.10.30,1,발전량,8.736,0.364,1.305,0,1.305,0.02,0,0,0,0,0,0,0,0.128,0.551,0.918,1.154,1.285,1.305,1.237,1.05,0.754,0.334,0.02,0,0,0,0,0,0
2018.10.31,1,발전량,8.569,0.357,1.286,0,1.286,0.019,0,0,0,0,0,0,0,0.111,0.529,0.894,1.139,1.267,1.286,1.22,1.046,0.743,0.316,0.019,0,0,0,0,0,0
2018.11.01,1,발전량,8.193,0.341,1.219,0,1.219,0.016,0,0,0,0,0,0,0,0.106,0.523,0.88,1.099,1.213,1.219,1.138,0.962,0.714,0.322,0.016,0,0,0,0,0,0
2018.11.02,1,발전량,8.067,0.336,1.215,0,1.215,0.012,0,0,0,0,0,0,0,0.111,0.511,0.853,1.077,1.195,1.215,1.152,0.983,0.688,0.27,0.012,0,0,0,0,0,0
2018.11.03,1,발전량,7.988,0.333,1.216,0,1.216,0.01,0,0,0,0,0,0,0,0.096,0.502,0.849,1.08,1.198,1.216,1.141,0.965,0.677,0.255,0.01,0,0,0,0,0,0
2018.11.04,1,발전량,7.899,0.329,1.196,0,1.196,0.01,0,0,0,0,0,0,0,0.078,0.494,0.842,1.064,1.174,1.196,1.134,0.964,0.662,0.281,0.01,0,0,0,0,0,0
2018.11.05,1,발전량,6.025,0.251,0.935,0,0.935,0.009,0,0,0,0,0,0,0,0.072,0.417,0.735,0.935,0.887,0.892,0.804,0.656,0.482,0.135,0.009,0,0,0,0,0,0
2018.11.06,1,발전량,5.637,0.235,1.04,0,1.04,0.002,0,0,0,0,0,0,0,0.015,0.203,0.341,0.755,1.04,0.717,0.941,0.926,0.508,0.188,0.002,0,0,0,0,0,0
2018.11.07,1,발전량,0.75,0.031,0.179,0,0.179,0.002,0,0,0,0,0,0,0,0,0.013,0.054,0.103,0.066,0.099,0.179,0.112,0.072,0.049,0.002,0,0,0,0,0,0
2018.11.08,1,발전량,0.069,0.003,0.017,0,0.017,0.003,0,0,0,0,0,0,0,0,0.003,0.005,0.011,0.017,0.01,0.011,0.011,0,0,0,0,0,0,0,0,0
2018.11.09,1,발전량,3.039,0.127,0.818,0,0.818,0.011,0,0,0,0,0,0,0,0,0.024,0.011,0.222,0.259,0.422,0.42,0.818,0.595,0.257,0.011,0,0,0,0,0,0
2018.11.10,1,발전량,4.29,0.179,0.84,0,0.84,0.001,0,0,0,0,0,0,0,0.029,0.24,0.589,0.84,0.586,0.817,0.478,0.438,0.207,0.064,0.001,0,0,0,0,0,0
2018.11.11,1,발전량,4.08,0.17,1.042,0,1.042,0.007,0,0,0,0,0,0,0,0.072,0.342,0.667,0.751,1.042,0.674,0.347,0.11,0.039,0.029,0.007,0,0,0,0,0,0
2018.11.12,1,발전량,6.872,0.286,1.065,0,1.065,0.005,0,0,0,0,0,0,0,0.035,0.365,0.73,0.954,1.065,1.025,1.043,0.868,0.574,0.207,0.005,0,0,0,0,0,0
2018.11.13,1,발전량,3.937,0.164,1.159,0,1.159,0.001,0,0,0,0,0,0,0,0.006,0.385,0.673,0.655,1.159,0.23,0.358,0.234,0.172,0.066,0.001,0,0,0,0,0,0
2018.11.14,1,발전량,7.52,0.313,1.26,0,1.26,0.004,0,0,0,0,0,0,0,0.037,0.39,0.758,1.052,1.26,1.251,1.218,0.94,0.417,0.192,0.004,0,0,0,0,0,0
2018.11.15,1,발전량,6.396,0.267,1.062,0,1.062,0.006,0,0,0,0,0,0,0,0.042,0.396,0.754,0.978,1.062,0.949,0.851,0.8,0.411,0.148,0.006,0,0,0,0,0,0
2018.11.16,1,발전량,2.931,0.122,0.568,0,0.568,0.004,0,0,0,0,0,0,0,0.005,0.084,0.223,0.402,0.402,0.568,0.375,0.41,0.324,0.135,0.004,0,0,0,0,0,0
2018.11.17,1,발전량,6.549,0.273,1.124,0,1.124,0.008,0,0,0,0,0,0,0,0.037,0.4,0.757,0.988,1.124,1.107,0.932,0.69,0.389,0.115,0.008,0,0,0,0,0,0
2018.11.18,1,발전량,3.395,0.141,0.665,0,0.665,0.005,0,0,0,0,0,0,0,0.009,0.269,0.402,0.282,0.47,0.665,0.444,0.235,0.406,0.208,0.005,0,0,0,0,0,0
2018.11.19,1,발전량,5.334,0.222,0.976,0,0.976,0.001,0,0,0,0,0,0,0,0.024,0.322,0.689,0.945,0.949,0.976,0.261,0.586,0.471,0.112,0.001,0,0,0,0,0,0
2018.11.20,1,발전량,7.046,0.294,1.144,0,1.144,0.002,0,0,0,0,0,0,0,0.023,0.337,0.717,0.982,1.112,1.144,1.071,0.887,0.585,0.188,0.002,0,0,0,0,0,0
2018.11.21,1,발전량,1.79,0.075,0.331,0,0.331,0.006,0,0,0,0,0,0,0,0.006,0.059,0.234,0.331,0.173,0.222,0.296,0.26,0.17,0.038,0,0,0,0,0,0,0
2018.11.22,1,발전량,7.716,0.321,1.25,0,1.25,0.001,0,0,0,0,0,0,0,0.027,0.397,0.795,1.059,1.21,1.25,1.171,0.971,0.64,0.195,0.001,0,0,0,0,0,0
2018.11.23,1,발전량,7.322,0.305,1.227,0,1.227,0.001,0,0,0,0,0,0,0,0.025,0.395,0.788,1.045,1.18,1.227,1.167,0.974,0.333,0.187,0.001,0,0,0,0,0,0
2018.11.24,1,발전량,0.002,0,0.001,0,0.001,0.001,0,0,0,0,0,0,0,0,0.001,0.001,0,0,0,0,0,0,0,0,0,0,0,0,0,0
2018.11.25,1,발전량,3.325,0.139,1.117,0,1.117,0.001,0,0,0,0,0,0,0,0,0,0.001,0.04,0.309,0.745,1.117,0.69,0.321,0.102,0,0,0,0,0,0,0
2018.11.26,1,발전량,7.054,0.294,1.137,0,1.137,0.001,0,0,0,0,0,0,0,0.014,0.343,0.723,0.971,1.101,1.137,1.071,0.9,0.599,0.195,0.001,0,0,0,0,0,0
2018.11.27,1,발전량,5.612,0.234,1.031,0,1.031,0.011,0,0,0,0,0,0,0,0.011,0.307,0.674,0.917,1.031,0.956,0.906,0.551,0.222,0.038,0,0,0,0,0,0,0
2018.11.28,1,발전량,3.62,0.151,0.885,0,0.885,0.001,0,0,0,0,0,0,0,0.003,0.059,0.085,0.23,0.33,0.486,0.782,0.885,0.577,0.185,0.001,0,0,0,0,0,0
2018.11.29,1,발전량,4.375,0.182,0.939,0,0.939,0.002,0,0,0,0,0,0,0,0.002,0.165,0.486,0.742,0.91,0.939,0.616,0.294,0.164,0.057,0,0,0,0,0,0,0
2018.11.30,1,발전량,6.987,0.291,1.135,0,1.135,0,0,0,0,0,0,0,0,0.008,0.324,0.717,0.973,1.11,1.135,1.07,0.886,0.587,0.176,0,0,0,0,0,0,0
2018.12.01,1,발전량,5.158,0.215,1.03,0,1.03,0.002,0,0,0,0,0,0,0,0.002,0.08,0.27,0.619,0.894,0.985,1.03,0.777,0.335,0.165,0.002,0,0,0,0,0,0
2018.12.02,1,발전량,3.602,0.15,0.747,0,0.747,0,0,0,0,0,0,0,0,0,0.171,0.372,0.474,0.467,0.3,0.502,0.747,0.407,0.161,0.001,0,0,0,0,0,0
2018.12.03,1,발전량,0.281,0.012,0.072,0,0.072,0.011,0,0,0,0,0,0,0,0,0,0.011,0.037,0.062,0.072,0.049,0.038,0.012,0,0,0,0,0,0,0,0
2018.12.04,1,발전량,1.849,0.077,0.681,0,0.681,0.008,0,0,0,0,0,0,0,0,0,0.052,0.299,0.251,0.266,0.048,0.681,0.242,0.008,0,0,0,0,0,0,0
2018.12.05,1,발전량,3.993,0.166,1.075,0,1.075,0.003,0,0,0,0,0,0,0,0.003,0.242,0.538,0.896,1.075,0.523,0.412,0.163,0.096,0.044,0,0,0,0,0,0,0
2018.12.06,1,발전량,3.415,0.142,1.016,0,1.016,0.001,0,0,0,0,0,0,0,0,0.043,0.124,0.187,0.277,0.706,1.016,0.683,0.308,0.071,0.001,0,0,0,0,0,0
2018.12.07,1,발전량,6.603,0.275,1.07,0,1.07,0.001,0,0,0,0,0,0,0,0,0.266,0.72,0.898,1.019,1.07,1.018,0.819,0.579,0.213,0.001,0,0,0,0,0,0
2018.12.08,1,발전량,6.679,0.278,1.151,0,1.151,0.001,0,0,0,0,0,0,0,0.001,0.271,0.71,1.019,1.151,0.96,0.988,0.769,0.656,0.154,0,0,0,0,0,0,0
2018.12.09,1,발전량,7.316,0.305,1.2,0,1.2,0.002,0,0,0,0,0,0,0,0,0.267,0.726,1.004,1.162,1.2,1.136,0.968,0.642,0.208,0.002,0,0,0,0,0,0
2018.12.10,1,발전량,6.795,0.283,1.126,0,1.126,0,0,0,0,0,0,0,0,0.002,0.252,0.652,0.911,1.071,1.126,1.072,0.906,0.61,0.193,0,0,0,0,0,0,0
2018.12.11,1,발전량,0.496,0.021,0.165,0,0.165,0,0,0,0,0,0,0,0,0,0.041,0.066,0.141,0.165,0.076,0.008,0,0,0,0,0,0,0,0,0,0
2018.12.12,1,발전량,0.455,0.019,0.094,0,0.094,0.006,0,0,0,0,0,0,0,0,0,0.014,0.044,0.069,0.086,0.094,0.089,0.052,0.006,0,0,0,0,0,0,0
2018.12.13,1,발전량,1.023,0.043,0.327,0,0.327,0.001,0,0,0,0,0,0,0,0,0.001,0.056,0.113,0.254,0.327,0.204,0.03,0.03,0.008,0,0,0,0,0,0,0
2018.12.14,1,발전량,6.569,0.274,1.173,0,1.173,0,0,0,0,0,0,0,0,0,0.143,0.392,0.777,1.089,1.173,1.133,0.972,0.666,0.224,0,0,0,0,0,0,0
2018.12.15,1,발전량,6.827,0.284,1.136,0,1.136,0,0,0,0,0,0,0,0,0,0.26,0.664,0.943,1.093,1.136,1.085,0.906,0.561,0.177,0.001,0,0,0,0,0,0
2018.12.16,1,발전량,2.58,0.107,0.88,0,0.88,0.001,0,0,0,0,0,0,0,0,0.026,0.085,0.091,0.137,0.305,0.88,0.8,0.226,0.029,0.001,0,0,0,0,0,0
2018.12.17,1,발전량,6.046,0.252,1.154,0,1.154,0.048,0,0,0,0,0,0,0,0,0.048,0.222,0.882,1.062,1.154,1.096,0.89,0.552,0.142,0,0,0,0,0,0,0
2018.12.18,1,발전량,4.438,0.185,1.067,0,1.067,0.078,0,0,0,0,0,0,0,0,0.199,0.537,0.312,0.265,0.946,1.067,0.623,0.41,0.078,0,0,0,0,0,0,0
2018.12.19,1,발전량,6.004,0.25,1.066,0,1.066,0.146,0,0,0,0,0,0,0,0,0.146,0.482,0.8,0.992,1.066,0.995,0.828,0.534,0.162,0,0,0,0,0,0,0
2018.12.20,1,발전량,3.473,0.145,0.712,0,0.712,0.001,0,0,0,0,0,0,0,0,0.039,0.204,0.388,0.435,0.448,0.712,0.482,0.577,0.188,0.001,0,0,0,0,0,0
2018.12.21,1,발전량,5.107,0.213,0.986,0,0.986,0.019,0,0,0,0,0,0,0,0,0.156,0.543,0.793,0.986,0.955,0.946,0.565,0.144,0.019,0,0,0,0,0,0,0
2018.12.22,1,발전량,6.019,0.251,1.036,0,1.036,0.001,0,0,0,0,0,0,0,0,0.142,0.516,0.823,0.985,1.036,0.965,0.827,0.549,0.176,0.001,0,0,0,0,0,0
2018.12.23,1,발전량,6.231,0.26,1.106,0,1.106,0.002,0,0,0,0,0,0,0,0,0.084,0.562,0.762,1.038,1.106,1.031,0.883,0.58,0.182,0.002,0,0,0,0,0,0
2018.12.24,1,발전량,7.133,0.297,1.201,0,1.201,0.001,0,0,0,0,0,0,0,0,0.213,0.651,0.954,1.135,1.201,1.144,0.974,0.619,0.242,0.001,0,0,0,0,0,0
2018.12.25,1,발전량,3.094,0.129,0.737,0,0.737,0.002,0,0,0,0,0,0,0,0,0.053,0.23,0.441,0.737,0.416,0.507,0.429,0.186,0.093,0.002,0,0,0,0,0,0
2018.12.26,1,발전량,6.241,0.26,1.158,0,1.158,0.003,0,0,0,0,0,0,0,0,0.059,0.48,0.857,1.062,1.158,1.079,0.839,0.547,0.157,0.003,0,0,0,0,0,0
2018.12.27,1,발전량,7.257,0.302,1.223,0,1.223,0.003,0,0,0,0,0,0,0,0,0.19,0.644,0.966,1.16,1.223,1.161,0.983,0.678,0.249,0.003,0,0,0,0,0,0
2018.12.28,1,발전량,7.415,0.309,1.241,0,1.241,0.004,0,0,0,0,0,0,0,0,0.218,0.658,0.949,1.159,1.241,1.19,1.017,0.707,0.272,0.004,0,0,0,0,0,0
2018.12.29,1,발전량,7.342,0.306,1.214,0,1.214,0.004,0,0,0,0,0,0,0,0,0.192,0.653,0.977,1.154,1.214,1.172,1.006,0.7,0.269,0.004,0,0,0,0,0,0
2018.12.30,1,발전량,7.138,0.297,1.184,0,1.184,0.005,0,0,0,0,0,0,0,0,0.189,0.637,0.941,1.12,1.184,1.138,0.981,0.683,0.259,0.005,0,0,0,0,0,0
2018.12.31,1,발전량,6.803,0.283,1.149,0,1.149,0.005,0,0,0,0,0,0,0,0,0.199,0.627,0.921,1.093,1.149,1.1,0.937,0.52,0.251,0.005,0,0,0,0,0,0
